<?xml version="1.0" encoding="utf-8"?>
<COLLADA xmlns="http://www.collada.org/2005/11/COLLADASchema" version="1.4.1" xmlns:xsi="http://www.w3.org/2001/XMLSchema-instance">
  <asset>
    <contributor>
      <author>Blender User</author>
      <authoring_tool>Blender 3.0.1</authoring_tool>
    </contributor>
    <created>2026-08-17T11:20:16</created>
    <modified>2026-08-17T11:20:16</modified>
    <unit name="meter" meter="1"/>
    <up_axis>Z_UP</up_axis>
  </asset>
  <library_cameras>
    <camera id="Camera-camera" name="Camera">
      <optics>
        <technique_common>
          <perspective>
            <xfov sid="xfov">39.59775</xfov>
            <aspect_ratio>1.777778</aspect_ratio>
            <znear sid="znear">0.1</znear>
            <zfar sid="zfar">100</zfar>
          </perspective>
        </technique_common>
      </optics>
      <extra>
        <technique profile="blender">
          <shiftx sid="shiftx" type="float">0</shiftx>
          <shifty sid="shifty" type="float">0</shifty>
          <dof_distance sid="dof_distance" type="float">10</dof_distance>
        </technique>
      </extra>
    </camera>
  </library_cameras>
  <library_lights>
    <light id="Light-light" name="Light">
      <technique_common>
        <point>
          <color sid="color">1000 1000 1000</color>
          <constant_attenuation>1</constant_attenuation>
          <linear_attenuation>0</linear_attenuation>
          <quadratic_attenuation>0.00111109</quadratic_attenuation>
        </point>
      </technique_common>
      <extra>
        <technique profile="blender">
          <type sid="type" type="int">0</type>
          <flag sid="flag" type="int">0</flag>
          <mode sid="mode" type="int">1</mode>
          <gamma sid="blender_gamma" type="float">1</gamma>
          <red sid="red" type="float">1</red>
          <green sid="green" type="float">1</green>
          <blue sid="blue" type="float">1</blue>
          <shadow_r sid="blender_shadow_r" type="float">0</shadow_r>
          <shadow_g sid="blender_shadow_g" type="float">0</shadow_g>
          <shadow_b sid="blender_shadow_b" type="float">0</shadow_b>
          <energy sid="blender_energy" type="float">1000</energy>
          <dist sid="blender_dist" type="float">29.99998</dist>
          <spotsize sid="spotsize" type="float">75</spotsize>
          <spotblend sid="spotblend" type="float">0.15</spotblend>
          <att1 sid="att1" type="float">0</att1>
          <att2 sid="att2" type="float">1</att2>
          <falloff_type sid="falloff_type" type="int">2</falloff_type>
          <clipsta sid="clipsta" type="float">0.04999995</clipsta>
          <clipend sid="clipend" type="float">30.002</clipend>
          <bias sid="bias" type="float">1</bias>
          <soft sid="soft" type="float">3</soft>
          <bufsize sid="bufsize" type="int">2880</bufsize>
          <samp sid="samp" type="int">3</samp>
          <buffers sid="buffers" type="int">1</buffers>
          <area_shape sid="area_shape" type="int">1</area_shape>
          <area_size sid="area_size" type="float">0.1</area_size>
          <area_sizey sid="area_sizey" type="float">0.1</area_sizey>
          <area_sizez sid="area_sizez" type="float">1</area_sizez>
        </technique>
      </extra>
    </light>
  </library_lights>
  <library_images/>
  <library_geometries>
    <geometry id="gripper_base_link-mesh" name="gripper_base_link">
      <mesh>
        <source id="gripper_base_link-mesh-positions">
          <float_array id="gripper_base_link-mesh-positions-array" count="2874">0.01495659 0.0316329 0.06937754 0.01486235 0.03108417 0.0708602 0.01500314 0.02933913 0.07062315 0.01486742 0.02992862 0.0691235 0.01443511 0.03470522 0.06942808 0.01441079 0.02970421 0.06586372 0.01490557 0.03264552 0.0664674 0.01457685 0.02601552 0.06905585 0.0144878 0.0298615 0.07440376 0.01491999 0.03392958 0.0723319 -0.01493573 0.02866697 0.07384771 -0.01499474 0.02644312 0.06974631 -0.01452279 0.03245246 0.07353961 -0.0144447 0.03454846 0.0703575 -0.01448017 0.03313088 0.06677514 -0.01438009 0.02777099 0.06669557 -0.01423668 0.02673304 0.07154315 0.01220846 0.03040641 0.06680637 0.01224404 0.03038293 0.0732178 -0.0123316 0.03159046 0.07292461 -0.01229441 0.03326141 0.06830877 0.01213848 0.03366577 0.06916648 -0.01228147 0.02914613 0.06720995 0.01218187 0.02743488 0.06968146 -0.01231437 0.02765417 0.07122361 0.0150268 -0.02969127 0.06938087 0.01485174 -0.02981662 0.07089233 0.0148341 -0.0311526 0.06913715 0.01508402 -0.03130644 0.07060229 0.01458376 -0.03135532 0.07428753 0.01453614 -0.03020924 0.06586182 0.01489967 -0.03352016 0.06735241 0.01442182 -0.03414118 0.07175415 0.01449358 -0.02624505 0.06982994 -0.01460081 -0.03048217 0.07431495 -0.01437526 -0.02598422 0.07025063 -0.01449865 -0.03392821 0.06741011 -0.01433205 -0.03449529 0.07157242 -0.01440453 -0.02868312 0.06633311 0.01219576 -0.03355032 0.07019037 0.01216906 -0.0274493 0.06980341 -0.01233202 -0.03141272 0.07298362 0.01225692 -0.03030818 0.07321542 -0.01233124 -0.02760303 0.07100427 -0.01228004 -0.02952885 0.06704163 -0.01230365 -0.03338056 0.06896394 0.01216393 -0.03068548 0.06678885 -0.01391732 0.008767247 0.07008475 -0.01417487 0.009514689 0.07019156 -0.01337277 0.003005504 0.06947261 -0.01419878 0.003501951 0.06946498 -0.01348078 -0.002516925 0.06938612 -0.01274901 -0.00348854 0.07049119 -0.01419925 -0.002498924 0.06940877 -0.01416426 -0.003502249 0.06936293 -0.01391506 0.01548117 0.07155781 -0.0128504 0.01441419 0.07187098 -0.014162 0.01554012 0.07163166 -0.01415634 0.01446568 0.0712943 -0.01380848 -0.01444655 0.07135307 -0.01301723 -0.01552122 0.07265645 -0.01418244 -0.01446527 0.07133746 -0.01415914 -0.01553958 0.07158994 -0.01307529 -0.008743762 0.07029443 -0.01417851 -0.008488237 0.07001721 -0.01417237 -0.00951457 0.07018363 -0.01603001 0.01497644 0.06085908 -0.0142672 0.01500201 0.06286245 -0.01432424 0.008944749 0.0622164 -0.01430577 0.002999007 0.06257182 -0.01417905 0.003499567 0.0692842 -0.01420187 0.002504169 0.06911134 -0.01432144 -0.009045064 0.06219893 -0.01611077 -0.01514238 0.06081157 -0.01427036 -0.01500201 0.06285691 -0.01418548 -0.01447099 0.0710076 -0.01586598 -0.02374243 0.05360025 -0.01583445 0.02373903 0.05362784 -0.0142796 0.02268016 0.05256551 -0.01952552 0.02265149 0.05261605 -0.01541465 0.01998484 0.0578466 -0.02032428 0.01981943 0.05822598 -0.02239459 0.01558107 0.0608707 -0.02255737 0.002895355 0.06270611 -0.01696544 0.009014666 0.06206452 -0.01734656 0.003005206 0.06245326 -0.01460844 0.02058839 0.07120716 -0.01345682 0.01953828 0.07356625 -0.01283812 0.015576 0.07367205 -0.01516968 0.01557904 0.07398658 -0.01429712 -0.02268213 0.05263543 -0.01738625 -0.003019869 0.06244784 -0.01697397 -0.009043037 0.06206059 -0.02253299 -0.01488667 0.06115084 -0.01530879 -0.02000653 0.05804872 -0.02045899 -0.01944875 0.05868226 -0.01957476 -0.02259773 0.05264157 -0.01355743 -0.01877552 0.07480198 -0.01432037 -0.02002465 0.07281005 -0.01519578 -0.01557552 0.07391625 -0.01491165 -0.02345156 0.06086736 -0.01282519 -0.009549379 0.0721836 -0.014629 -0.01449644 0.07335942 -0.01621466 -0.009551465 0.07264637 -0.01427841 -0.002996802 0.06258505 -0.01420187 -0.002504169 0.06911134 -0.01677441 -0.003536522 0.07197976 -0.01633828 -0.008444309 0.0724768 -0.01281809 0.002465069 0.07135057 -0.01281708 -0.002462983 0.07131868 -0.01681917 -0.002454578 0.07193219 -0.0168628 0.002455949 0.07190132 -0.01281827 0.003536164 0.07142484 -0.01275289 0.008469402 0.07098168 -0.01638162 0.008443593 0.07246369 -0.01677387 0.00354588 0.0719738 -0.01282495 0.009549498 0.07218831 -0.01541548 0.01441258 0.07364553 -0.0162245 0.009557068 0.07263863 0.01367014 0.002519011 0.06937307 0.01274716 0.003487706 0.07048517 0.01419925 0.002498924 0.06940877 0.01416432 0.003502249 0.06936293 0.01309871 -0.003043472 0.06969249 0.01419913 -0.002999484 0.06941926 0.0139181 -0.008767008 0.07008445 0.01417487 -0.009514689 0.07019156 0.01391506 -0.01548117 0.07155781 0.01284837 -0.01441252 0.07187014 0.014162 -0.01554012 0.07163166 0.01415634 -0.01446568 0.0712943 0.01380848 0.01444655 0.07135307 0.01249665 0.01553368 0.07256942 0.01418244 0.01446527 0.07133746 0.01415914 0.01553964 0.07158994 0.01304727 0.008931875 0.07054835 0.01417851 0.008488237 0.07001721 0.01417237 0.00951457 0.07018363 0.01431769 -0.002986967 0.06256479 0.01417905 -0.003499567 0.0692842 0.01420187 -0.002504169 0.06911134 0.01426124 0.01505732 0.06290662 0.01609182 0.01499325 0.06084811 0.01418554 0.01447099 0.0710076 0.01432448 -0.008937835 0.06214851 0.01281791 -0.003537476 0.07139211 0.01275038 -0.008465945 0.0709939 0.01737385 -0.002944648 0.06245535 0.01679176 -0.003536164 0.07198679 0.01632171 -0.008443534 0.07247835 0.017071 -0.00862652 0.06209743 0.01426124 -0.0149455 0.06291127 0.01282447 -0.009551048 0.07215946 0.01624232 -0.00955367 0.07266467 0.01700931 -0.009398758 0.06203621 0.01559561 -0.01442205 0.0736584 0.0161755 -0.01525014 0.06077796 0.01355701 0.01915085 0.07456851 0.01446437 0.02015829 0.0728749 0.01393902 -0.01988536 0.07298707 0.01350426 -0.01872909 0.07488709 0.01283806 -0.0155757 0.07369005 0.01519721 -0.01557105 0.07395237 0.01586461 0.02374547 0.0535975 0.01504951 -0.02373617 0.05337798 0.02251058 0.008792638 0.06211513 0.02247023 1.04543e-5 0.0625925 0.02244877 -0.006613135 0.06316339 0.02250605 0.01534014 0.06093788 0.0201835 0.02016586 0.05797469 0.01959067 0.02254915 0.05263328 0.0143457 0.0214383 0.05261743 0.01434695 0.02369296 0.052482 0.02251487 -0.01512652 0.06096869 0.02245557 -0.009329319 0.06201648 0.01534092 0.02010488 0.05772864 0.01432108 0.009058237 0.06211149 0.01702696 0.009383916 0.06206756 0.01740211 0.003003895 0.06245708 0.01707059 0.00862658 0.06209713 0.01428931 -0.02262729 0.05256897 0.01525527 -0.02018743 0.05786168 0.02044808 -0.01957851 0.05869585 0.01948028 -0.02259504 0.05262029 0.01527237 -0.02355438 0.05979871 0.01491153 0.02345168 0.06086736 0.01523137 0.01557844 0.07399863 0.01282495 0.009549498 0.07218831 0.01425373 0.01448595 0.07335382 0.01621049 0.009556949 0.07264244 0.01427745 0.002999842 0.06256788 0.01420187 0.002504169 0.06911134 0.01635909 0.008443892 0.07246625 0.01674371 0.003546059 0.07198417 0.01281738 0.002463579 0.07132971 0.01682358 0.0024544 0.07193088 0.0167995 -0.002442359 0.0719195 -0.03278261 0.00205785 8.93805e-4 -0.03285467 0.001216471 0.009271383 -0.0328536 -0.001351654 0.0228852 -0.03273493 0.001507461 0.02268272 -0.001004338 0.03143543 0.01138788 -0.002218663 0.03084802 0.005504846 -0.001266837 0.03163367 0.02462291 -9.38627e-4 0.0320931 0.007533073 -0.001072704 0.03160196 0.0303812 -0.004463434 0.03131151 0.01375186 0.005035221 -0.03054571 0.01366209 0.004566609 -0.03142988 0.01367026 0.00501883 -0.03097152 0.002837538 0.005035042 -0.03054744 0.03286212 0.004704535 -0.03125828 0.03293591 0.005019426 -0.03096985 0.02203696 -0.004491865 0.03132289 0.02192729 -0.02275443 -0.02157831 0.008419692 -0.01721709 0.02609211 0.008405148 -0.02516001 0.01884883 0.008543729 -0.01261991 -0.0285145 0.007797896 -0.02905541 -0.01146507 0.008186161 -0.03123366 -0.002337634 0.008699655 -0.03033429 0.007980585 0.008127033 -0.03128814 -0.002492427 0.007942378 -0.01587557 -0.02698248 0.02735149 -0.008842051 0.03004646 0.0329228 -0.01677256 0.02631711 0.02748471 -0.02453213 0.0194379 0.02770495 -0.02359771 -0.02058666 0.02725768 -0.03004825 0.00864911 0.02718156 -0.03143095 -9.15853e-4 0.02741503 -0.02832823 -0.01339846 0.02762031 0.004654705 0.03079521 0.0218091 0.004318654 0.03091251 0.01784026 0.004989564 0.03057003 0.01393699 0.004318535 0.03091251 0.0178498 -0.008265256 0.03009665 0.02199423 -0.008402526 0.03008329 0.01370352 -0.001498878 0.03147971 0.005210161 -7.51633e-4 0.03198164 0.01103049 -7.50003e-4 0.03195512 0.01103049 -8.52296e-4 0.03144907 0.02363294 -1.34408e-4 0.03228521 8.06668e-4 -4.32215e-4 0.02916604 0.001303553 7.99172e-4 -0.0314964 0.02440112 7.51271e-4 -0.03126645 0.01373666 7.39935e-4 -0.03129869 0.02194631 0.00115174 -0.03158771 0.005033075 0.001701354 -0.03153514 0.002196967 4.32539e-4 -0.02916616 0.001303553 -5.08596e-4 -0.03241276 4.68564e-4 -2.27854e-4 -0.03225684 0.03295713 7.49999e-4 -0.03195512 0.01103049 -0.006839632 -0.03050035 0.01349031 0.003025531 -0.03096896 0.01150846 0.003017008 -0.03048259 0.004982948 -0.006728112 -0.03055882 0.004981338 0.003020405 -0.03106683 0.03070682 0.002999961 -0.03145724 0.02419996 0.003017008 -0.0304799 0.02418291 -0.005065679 -0.03068137 0.02258288 -0.0143761 -0.02990448 0.04100221 -0.01521807 -0.0289691 0.04119765 -0.01499712 -0.02794504 0.05261969 -0.01467406 0.02813106 0.05296844 -0.01505959 0.02825927 0.04135197 -0.01442348 0.03008568 0.04091823 -0.01442891 -0.02676969 0.05333811 -0.01537078 0.02646279 0.05087363 -0.0241453 0.01936161 0.04870676 -0.01538652 0.02678525 0.0482732 -0.02364337 0.01948559 0.05104035 -0.02424663 0.01945537 0.04545801 -0.01551628 0.02725511 0.04572278 -0.01561588 0.02726519 0.0430985 -0.02369952 0.0203073 0.04306811 -0.02367103 -0.02012348 0.04809099 -0.01548922 -0.02675718 0.04818874 -0.01539111 -0.0264306 0.05088061 -0.02356463 -0.01966077 0.05088627 -0.01547873 -0.02696514 0.04558783 -0.02398896 -0.01988863 0.045569 -0.02092593 -0.02314573 0.04267585 -0.01501452 -0.02735716 0.04269164 -0.02461463 -0.01917213 0.04342097 -0.02115905 -0.02021133 0.04058998 -0.01809716 -0.02035969 0.03853535 -0.02866464 -0.01218605 0.04076343 -0.03050082 -0.004064321 0.03609853 -0.02696382 -0.004017353 0.03606361 -0.02723819 0.004068613 0.03553551 -0.0305081 0.004126667 0.0360983 -0.02883136 0.01225644 0.04200261 -0.0289458 0.01177304 0.03612625 -0.0245918 0.01222437 0.03564482 -0.0286377 0.01252782 0.03612732 -0.02862495 -0.01252663 0.03612703 -0.0289458 -0.01177304 0.03612625 -0.01875984 -0.0200017 0.03595227 -0.02357041 -0.02079367 0.03615003 -0.02424538 -0.02001124 0.03622263 -0.01832389 0.02023482 0.03582596 -0.02468621 -0.01202386 0.03570008 -0.03059107 -0.006660342 0.03510957 -0.02518343 -0.01928961 0.03520435 -0.02447718 0.02040159 0.03514355 -0.01032137 0.03134125 4.10529e-4 -0.0248298 0.02184951 4.64542e-4 -0.03156137 0.008962512 4.71806e-4 -0.03238332 -0.004877209 4.59404e-4 -0.02569651 -0.02094119 4.73142e-4 -0.01079267 -0.03115725 4.69936e-4 -0.01483386 -0.02560353 2.08291e-4 -0.0261563 -0.01272159 2.48391e-4 -0.02943193 0.00283575 2.38448e-4 -0.02288675 0.01801455 2.49745e-4 -0.01099509 0.02729904 2.08403e-4 -0.01384121 -0.0256263 0.001749098 -0.02589887 -0.01426815 0.001757085 -0.02870541 0.007313668 0.00174123 -0.01529884 0.02532774 0.001739978 -0.02378153 -0.01724785 0.06154173 -0.0224986 0.002810597 0.06823742 -0.02231729 -0.01089924 0.06705337 -0.02778285 -0.01680707 0.04914659 -0.03232228 -0.006287634 0.0346105 -0.02285099 0.01534539 0.06460028 -0.0194478 -0.00594592 0.06980502 -0.02490216 0.01846235 0.0579347 -0.02742743 0.01787745 0.0481196 -0.03195077 0.007842779 0.03597807 -0.03095442 0.004940748 0.03504472 -0.0243858 0.01980006 0.03614455 -0.02361428 0.02078878 0.03614968 -0.01405191 0.02967751 0.0330649 -0.008321464 -0.03018379 0.03300392 0.001198709 -0.03150355 0.0304442 -0.008329093 -0.03026306 0.001831591 -0.02740854 -0.0152713 0.001829326 -0.02013367 -0.02415549 0.00183171 -0.03155505 -0.001844406 0.001843214 -0.01566195 0.02723115 0.001823306 -0.02751147 0.01578348 0.001842379 0.03280794 0.001395583 0.009888768 0.03280699 -0.001527547 0.007691562 0.03279483 0.001502275 0.02417743 0.03276056 -0.001464903 0.02386844 9.82143e-4 -0.03143107 0.01138621 0.002218663 -0.03084802 0.005504846 0.001266777 -0.03163367 0.02462291 9.435e-4 -0.03208768 0.007523417 0.004511177 -0.03130918 0.01375615 -0.005035221 0.03054571 0.01366209 -0.004566609 0.03142988 0.01367026 -0.004539668 0.03127008 0.002058148 -0.005301058 0.03103649 0.03294491 -0.005019426 0.03096985 0.02203696 0.02275443 0.02157831 0.008419692 0.01721715 -0.02609211 0.008405148 0.02516001 -0.01884889 0.008543729 0.01261991 0.0285145 0.007797896 0.02905535 0.01146513 0.008186161 0.03123366 0.002337634 0.008699655 0.03033429 -0.007980704 0.008127033 0.0312882 0.00249195 0.007942378 0.0158779 0.02698087 0.0273509 0.008842408 -0.03004622 0.03292268 0.01677286 -0.02631694 0.02748465 0.02453207 -0.01943796 0.02770495 0.02359765 0.02058678 0.02725774 0.03004825 -0.00864911 0.02718156 0.0314309 9.15926e-4 0.02741503 0.02832823 0.01339852 0.02762037 0.004647135 -0.03116202 0.02194029 0.008402526 -0.03008329 0.01370352 7.51629e-4 -0.03198164 0.01103049 1.19469e-4 -0.03228509 8.02663e-4 -6.80587e-4 0.03144019 0.01374226 5.086e-4 0.03241276 4.68564e-4 0.007636547 0.03028798 0.01271271 -0.003025531 0.03096896 0.01150846 -0.003017008 0.03048259 0.004982948 0.006728112 0.03055882 0.004981338 -0.002999961 0.03145724 0.03069996 -0.003017008 0.03048199 0.03071701 -0.002999961 0.03145724 0.02419996 -0.003017008 0.0304799 0.02418291 0.00747627 0.03032231 0.02417671 0.01496577 0.02848351 0.04111897 0.01492458 0.02795469 0.05270892 0.01458817 -0.02826321 0.05327355 0.01430147 -0.02993571 0.03997695 0.01578789 0.02720242 0.04285442 0.01459765 -0.02760154 0.04090255 0.01537078 -0.02646279 0.05087363 0.01448732 -0.02658379 0.05329453 0.0241453 -0.01936161 0.04870676 0.01538652 -0.02678525 0.0482732 0.02364206 -0.01948547 0.05104023 0.02424663 -0.01945537 0.04545801 0.01551628 -0.02725511 0.04572278 0.01561588 -0.02726519 0.0430985 0.02369952 -0.0203073 0.04306811 0.01548922 0.02675718 0.04818874 0.02367097 0.02012348 0.04809099 0.01539111 0.0264306 0.05088061 0.02355504 0.01967078 0.05087739 0.01547873 0.02696514 0.04558783 0.02398896 0.01988863 0.045569 0.02461463 0.01917213 0.04342097 0.02115905 0.02021133 0.04058998 0.01809716 0.02035969 0.03853535 0.02866482 0.01218599 0.04076349 0.0305013 0.004064142 0.03609877 0.02696382 0.004017353 0.03606361 0.02723819 -0.004068613 0.03553551 0.03051179 -0.004126369 0.03609895 0.02883148 -0.01225638 0.04200577 0.0289458 -0.01177304 0.03612625 0.02459174 -0.01222437 0.03564482 0.02863776 -0.01252782 0.03612732 0.02862495 0.01252663 0.03612703 0.0289458 0.01177304 0.03612625 0.01875984 0.0200017 0.03595227 0.02357041 0.02079367 0.03615003 0.02424538 0.02001124 0.03622263 0.01832389 -0.02023482 0.03582602 0.02468621 0.01202386 0.03570008 0.03059107 0.006660342 0.03510957 0.02518343 0.01928961 0.03520435 0.02447718 -0.02040153 0.03514355 0.01037412 -0.03135508 4.13607e-4 0.024823 -0.02185869 4.64592e-4 0.03266376 -0.003376185 5.72595e-4 0.03256326 0.003478884 4.78291e-4 0.02649223 0.02015995 4.80062e-4 0.01080244 0.03115028 4.69738e-4 0.01483386 0.02560353 2.08291e-4 0.0261563 0.01272159 2.48391e-4 0.02943193 -0.00283575 2.38449e-4 0.02288675 -0.01801449 2.49745e-4 0.01099389 -0.0272997 2.08269e-4 0.01384121 0.0256263 0.001749098 0.02589887 0.01426821 0.001757085 0.02870547 -0.007313668 0.00174123 0.01529884 -0.02532774 0.001739978 0.02253144 -0.003537118 0.06818377 0.02380305 0.01726526 0.06148129 0.02231842 0.01091152 0.06704998 0.02781373 0.01675951 0.0491361 0.0324648 0.005601525 0.03439694 0.02300912 -0.01559162 0.06412321 0.02594345 -0.0176379 0.05540734 0.01969438 -0.001428902 0.07003909 0.03274554 -0.002792477 0.03238749 0.03004825 -0.01302176 0.04232007 0.01405042 0.02976065 0.03372418 0.03095442 -0.004940688 0.03504472 0.0243858 -0.01980006 0.03614455 0.02361428 -0.02078878 0.03614968 0.01442861 0.02676945 0.05333727 0.008280813 0.03020149 0.03300368 0.008329093 0.03026306 0.001831591 0.02740854 0.01527136 0.001829326 0.02013367 0.02415549 0.00183171 0.03155499 0.001844644 0.001843214 0.01566201 -0.02723109 0.001823306 0.02751153 -0.01578336 0.001842379 0.01546722 -0.02878892 0.04158645 -0.00535655 -0.03377294 0.04106122 -0.005663394 -0.03234034 0.03419822 -0.005014359 -0.04407143 0.05375242 0.005270481 -0.03357452 0.04081308 0.005263149 -0.04442089 0.06822335 0.004820346 -0.04411166 0.05375581 -0.005222558 0.0339964 0.04141426 -0.005017042 0.03248959 0.03493922 -0.005264818 0.04441744 0.06823158 -0.004815161 0.04411154 0.05375373 0.005239844 0.03393304 0.0413348 0.005096256 0.03231197 0.03371644 0.005010306 0.04410678 0.0538001 0.01225358 -0.02590835 0.06401228 0.006877422 -0.02533894 0.06421953 0.006048738 -0.03197133 0.06207942 0.005195677 -0.03160363 0.06201666 0.005144417 -0.04101413 0.06970018 -0.01225304 -0.02598094 0.06394547 -0.006783246 -0.02541768 0.06415927 -0.006134986 -0.02949613 0.06229341 -0.005832314 -0.03496968 0.06379514 -0.005273461 -0.04447293 0.06797915 -0.005055963 -0.04157215 0.06981927 0.01225405 0.0258525 0.06406182 0.007128894 0.02556049 0.06401079 0.005981087 0.03296279 0.06238871 0.005241096 0.04441708 0.06827014 0.005084097 0.04108256 0.06967467 -0.01225268 0.02602475 0.06390655 -0.006899535 0.0249843 0.06440746 -0.006010115 0.03195649 0.06211709 -0.005145132 0.04100263 0.06970173 -0.00727421 -0.02749419 0.03493207 0.007384896 -0.02620345 0.03495001 -0.007384896 0.02620345 0.03495001 0.007418692 0.02620494 0.03494995 -0.006334125 -0.02407383 0.03495007 -0.006997287 0.02362638 0.03494715 0.006327152 0.02409541 0.03495019 0.006952583 -0.02344101 0.03494238 0.005983173 0.03543996 0.0587511 -0.005963504 0.03545421 0.0587446 -0.006077408 -0.03558176 0.05856907 0.005984365 -0.03536152 0.05875986 0.005182683 0.03129929 0.06204104 -0.005232572 0.03159439 0.06201046 -0.005002021 -0.03393709 0.06312346 0.004815816 -0.0324763 0.03489226 0.008984029 0.004727065 0.03495138 0.008188784 0.005914986 0.02492702 0.008871197 -0.004786193 0.03495419 0.009844124 -0.004729688 0.02489352 -0.006522357 -0.006702065 0.03495448 -0.008133351 -0.005919039 0.02491658 -0.008902132 0.004662573 0.03495824 -0.00879687 0.005044698 0.02495282 -0.02190494 0.02125662 0.03470242 -0.02843642 0.01145982 0.03468239 -0.03084915 -2.90733e-4 0.03465574 -0.02761322 -0.0129947 0.03477126 -0.0144366 -0.02745002 0.03535175 -0.01449209 0.0270884 0.03526008 -0.02246767 -0.02060699 0.03483307 0.02304124 -0.01999139 0.03490537 0.03081792 1.99715e-4 0.0346964 0.02780318 0.01262837 0.03475922 0.01443672 0.02745628 0.03527146 0.01449143 -0.02708709 0.03527772 0.02247452 0.02066159 0.03472059 0.01432412 -0.03170883 0.04854995 0.01403009 -0.03809237 0.07152211 0.01399773 -0.03195512 0.07782018 0.0140621 0.03176248 0.07772731 0.01416826 0.03803336 0.0713793 0.01436531 0.03010016 0.04101675 -0.01405477 -0.03135269 0.07791459 -0.01416057 -0.03803437 0.07137656 -0.01402157 0.03404182 0.07678365 -0.01408475 0.0288006 0.07728409 -0.0140435 0.03822571 0.07127046 2.22761e-4 0.03225457 0.03295707 0.01438003 -0.02755504 0.03314459 -0.01438003 0.02755504 0.03314459 -0.02336347 -0.009584963 0.03491121 -0.02105075 -0.007758617 0.03496754 -0.02091741 -0.01020741 0.0349617 0.02304732 0.007894396 0.03495043 0.02078557 0.00836718 0.03496873 0.02211159 0.01043868 0.03494453 -0.02323716 0.007930517 0.03495132 -0.02191752 0.01022213 0.03495723 -0.02108836 0.008179962 0.03495907 0.02342718 -0.009123146 0.03494375 0.02078586 -0.01000118 0.03496325 0.02135545 -0.007797777 0.03495496 0.02884751 -0.01112264 0.03363293 0.0119161 -0.03509199 0.05921518 -0.01204359 -0.03508645 0.0592994 -0.01204997 -0.03232789 0.06073826 -0.01200103 0.03509247 0.05928075 0.01201593 0.03460949 0.05948418 -0.00693947 -0.02930527 0.001988232 0.007044196 0.02928334 0.001990854 -0.005921721 0.007680416 0.06765103 0.005846917 0.00807929 0.06753587 -0.00579071 -0.008135616 0.06772726 0.005915582 -0.007694482 0.06766366 -1.40898e-4 -0.01151913 0.02509123 0.007368743 -0.00943607 0.02520227 0.00725758 0.009491324 0.02521085 0.01189017 0.001731753 0.02515381 -0.01063144 0.004891097 0.02510744 -0.007389545 0.009433209 0.02520716 -0.007375657 -0.009452104 0.02512699 -0.010715 -0.004609823 0.02513533 -0.01183164 -2.27035e-5 0.02541089 -4.69537e-5 0.01186913 0.02525997 0.005046129 0.01299786 0.06801629 0.006086945 0.01490753 0.03495007 -0.006081044 0.01491647 0.03495001 -0.005042612 -0.01299643 0.06801885 -0.006086945 -0.01490753 0.03495007 0.006081044 -0.01491647 0.03495001 0.005763292 -0.006894707 0.02500146 -0.003813028 -0.007378697 0.02704697 -0.005740404 0.006880581 0.02499175 0.003813028 0.007348716 0.02704769 -2.42009e-4 -0.02034044 0.06785708 -3.76395e-5 -0.01796776 0.03493869 0.001981019 -0.01791739 0.06785434 -0.001653492 -0.01674729 0.06785553 -7.98763e-4 0.01625525 0.06785434 -3.76402e-5 0.01803219 0.03493869 0.001931011 0.01840782 0.06785345 -5.55597e-4 0.01988393 0.06785297 5.42837e-4 -0.0154702 0.0678507 0.001518905 0.01575869 0.06785094 -0.00252974 0.01854282 0.0678507 0.001306354 0.009725391 0.06785154 -0.001827299 0.009462833 0.06785213 -0.001887261 0.01185947 0.03495228 -0.004826486 0.01050692 0.06788665 -0.001310408 -0.009731411 0.06764394 0.001766979 -0.01063406 0.03496056 0.001827299 -0.009462833 0.06785196 0.004825651 -0.01050531 0.06789267 -0.01133567 0.014292 0.06935656 -0.01136285 0.01397615 0.03495275 -0.009130775 -0.004596173 0.03495198 -0.01199996 -0.003901839 0.03494995 -0.01141327 -0.004361093 0.06939136 -0.01199996 -0.005401849 0.03494995 -0.01166111 0.009361624 0.03495275 -0.009569406 0.009292244 0.06935107 -0.01155406 0.008541464 0.07050919 -0.01108282 0.009587347 0.07196015 -0.01087123 1.64152e-4 0.06933516 -0.01088017 -8.22352e-4 0.03498107 -0.01080983 6.46219e-4 0.03496086 -0.01203817 0.001657009 0.06931322 -0.01104772 0.004402577 0.06938391 -0.01199996 0.003901839 0.03494995 -0.01199996 0.005401849 0.03494995 -0.01135373 -0.01429665 0.06936335 -0.01143234 -0.0139935 0.03495365 -0.01115727 -0.00961405 0.07193112 -0.01165676 -0.00936836 0.03495377 -0.01121336 -0.009123623 0.06929278 0.009569406 0.009370148 0.06935065 0.01148587 0.008607625 0.07053112 0.01107102 0.009567558 0.0719434 0.01169866 0.009364783 0.03495335 0.01104712 0.004343926 0.06937468 0.01228803 0.002606034 0.0349397 0.01199996 0.005401849 0.03494995 0.01129645 -0.01436936 0.0693463 0.0117588 -0.01411461 0.03496789 0.01119083 -0.004340887 0.06939691 0.01199996 -0.003901839 0.03494995 0.01199996 -0.005401849 0.03494995 0.01167607 -0.009366095 0.0349633 0.009569406 -0.009370148 0.06935065 0.01115155 -0.009580135 0.07195609 0.01048493 -7.20191e-4 0.0349521 0.01117438 -1.35301e-4 0.0694223 0.009971797 7.5e-4 0.03494995 0.01127827 0.01438033 0.06936323 0.01125437 0.01400876 0.03495496 0.006269156 0.006749987 0.0349518 -0.006269156 0.006749987 0.03495258 0.006269156 -0.006749987 0.03495323 0.01137727 -0.01861989 0.06936144 -0.01117777 -0.01858961 0.06943005 -0.01105517 -0.01785296 0.03495514 -0.01128661 0.01856064 0.06930595 -0.01199996 0.01785749 0.03494995 -0.009269297 0.01860749 0.03496396 -0.01199996 -0.0193575 0.03494995 -0.0096578 -0.0198698 0.03494757 -0.01199996 0.0193575 0.03494995 -0.01245713 0.02052003 0.06654566 0.009223401 0.01989209 0.03497356 0.009269177 0.01785749 0.03494995 0.01199996 0.01785749 0.03494995 0.01167798 -0.0186243 0.03495866 0.01165902 0.0186004 0.06933319 0.01199996 0.0193575 0.03494995 0.007871448 -0.009710431 0.03244966 0.000999987 -0.009749948 0.03244996 -2.89665e-4 -0.009618997 0.0249449 -0.008869111 0.009349465 0.03243988 -0.000999987 0.009749948 0.03244996 0 0.009627342 0.02494382 -0.000999987 -0.009749948 0.03244996 -0.008947074 -0.009216725 0.03244489 -3.33319e-4 0.01220905 0.03244775 0.000999987 0.009749948 0.03244996 0.008970201 0.009053051 0.03244203 0.01199996 0.02498871 0.03494995 0.01209253 0.02713263 0.03491169 0.006862521 0.02931523 0.03495627 0.006184339 0.03284817 0.06016898 -0.01207923 0.02768152 0.03499108 -0.0103985 0.02434289 0.03495752 -0.006280899 0.03274273 0.06024467 -0.006842017 0.02946287 0.03494995 -0.01210343 -0.02708715 0.03495228 -0.0109992 -0.02393734 0.03495156 -0.006151795 -0.03291851 0.06020313 0.0107029 -0.02410793 0.03494244 0.01212263 -0.02748221 0.03491163 0.006169438 -0.0328809 0.06019264 0.006846904 -0.02954947 0.0349496 0.02860289 -0.001645624 0.03244477 0.02971285 -0.002419292 0.001994073 0.02493846 -0.01444882 0.03244763 0.02547252 -0.01575154 0.001997292 0.01673918 -0.02325505 0.03242105 0.008282184 -0.02881842 0.001986801 0.005801677 -0.02797544 0.03244102 -0.005382895 -0.02798199 0.03244686 -0.01622176 -0.02433669 0.002009272 -0.02654117 -0.01408326 0.001996755 -0.0247389 -0.01409447 0.03245031 -0.02766919 -0.008420467 0.001999974 -0.02811241 -0.004017591 0.03244525 -0.02784448 0.006655812 0.03231573 -0.02938413 -0.007353842 0.001996994 -0.0260784 0.01460468 0.001988291 -0.02430397 0.01502734 0.03244346 -0.017663 0.02304279 0.002026796 -0.007497966 0.02892059 0.001986742 -0.006450772 0.02775192 0.03244674 0.005981683 0.0278998 0.03244954 0.01283085 0.0258786 0.002004921 0.02152419 0.01931458 0.002007007 0.02662342 0.01010751 0.03243029 0.02771508 0.01193535 0.001991271 -0.01514399 -0.01624536 0.03512126 -0.01800584 -0.01846671 0.03246015 -0.01515793 -0.0163837 0.03245013 -0.01625877 -0.0150876 0.03245067 -0.01641833 -0.01520162 0.03509861 -0.01854473 -0.01805382 0.03506273 -0.02223157 0.007868885 0.03244805 -0.02326917 0.01047599 0.03245133 -0.02072882 0.009884893 0.03245043 -0.008864104 0.02122348 0.03493672 -0.007856607 0.0216102 0.03243434 -0.01047599 0.02107697 0.03245133 -0.009884893 0.02361738 0.03245049 0.007944703 0.02131217 0.03242909 0.007630109 0.02206099 0.03495013 0.008483886 0.02361738 0.03245049 0.01020294 0.02261626 0.03496199 0.01088893 0.02194625 0.03247767 0.008283853 -0.02350187 0.03245037 0.00808829 -0.02088147 0.03245133 0.01010012 -0.0211234 0.03497833 0.01085996 -0.02204823 0.03241771 -0.007561206 -0.02195209 0.03500115 -0.008880913 -0.02383971 0.03245109 -0.0103088 -0.02123421 0.03242003 -0.00774008 -0.02147257 0.03245061 -0.02147257 -0.01062864 0.03245007 -0.02351748 -0.008915245 0.03240001 -0.02088147 -0.00808829 0.03245133 0.009912729 0 0.02494996 -0.009912729 0 0.02494996 0.01235622 -0.002382993 0.0324397 -0.01679646 -0.02322065 0.03245002 0.02011162 0.02059984 0.03244674 -0.01116722 0.0258637 0.03244996 -0.01416248 0.02453017 0.03244996 -0.01862192 -0.02444183 0.001999497 -0.03051763 0.003042936 0.001999974 -0.01875633 0.02432698 0.001999676 0.01862192 0.02444183 0.001999497 0.01875638 -0.02432698 0.001999676 -0.01232939 0.03818231 0.07127082 -0.01232779 0.03270268 0.07768195 -0.01238012 -0.03020912 0.0777508 -0.01230788 -0.03751951 0.07380896 0.01238012 0.03020912 0.0777508 0.01231831 0.03751808 0.07381075 0.01232945 -0.03818184 0.07127243 0.01233965 -0.03273725 0.0776537 -0.01225 0 0.03244996 -0.01259946 -0.01614987 0.03244996 1.5019e-4 -0.01211541 0.03243851 0.02147257 -0.00774008 0.03245043 0.02361738 -0.008483886 0.03245049 0.02145135 -0.01017141 0.03243267 0.02147257 0.01062864 0.03245049 0.02316021 0.008462607 0.03243553 0.02072882 0.008483886 0.03245043 0.01210325 -0.03278732 0.06058019 -0.01210337 0.03278255 0.06058299 0.003171741 -0.01014226 0.03493797 -0.002518355 -0.01122057 0.03494811 0.001697301 -0.02042901 0.03494554 -0.00271368 -0.01931619 0.03495019 -0.00193268 -0.0158618 0.03495007 0.001691997 -0.01550328 0.03495043 -0.00337404 -0.01008403 0.03489273 -0.003171741 0.01014226 0.03493815 0.00340569 0.01198995 0.03494805 -4.48133e-4 0.009755015 0.03494405 0.00337404 0.01008391 0.03489279 -0.002967119 0.0178287 0.03495025 2.16998e-4 0.02100819 0.03495037 0.003008186 0.01778298 0.03495037 6.04702e-4 0.01518189 0.03495007 0.01170951 0.002492129 0.0697875 -0.01227051 0.02322262 0.06595051 -0.01225727 0.02234083 0.0739538 -0.01213353 -0.02173554 0.06430274 -0.01227051 -0.02322262 0.06595051 -0.01233589 -0.02239084 0.07386291 -0.01485544 0.02243882 0.07373827 -0.01443111 0.02641171 0.05328065 -0.01415413 -0.02214562 0.07395583 -0.01430243 -0.0235235 0.06459456 -0.01424336 0.02327895 0.06442236 -0.01430457 0.02679198 0.05920153 0.01412785 0.02213758 0.07397329 0.02381181 -0.0173338 0.0572074 0.02364432 -0.02308058 0.04539626 0.02072 0.02461528 0.05362915 0.02081954 -0.02262985 0.05787563 0.01432204 0.02355134 0.0644958 0.01875269 -0.01311665 0.06832891 0.01703333 -0.0226078 0.06360387 0.01426643 -0.02348721 0.06439644 0.01855891 0.01491641 0.06795066 0.01700419 0.02301985 0.06255871 0.0248112 0.01746159 0.05463081 0.01233571 0.02234035 0.07377392 -0.02070134 -0.02463263 0.05364292 -0.01884418 0.01408636 0.06838142 -0.01706421 0.02293282 0.06263595 -0.01744073 -0.02180159 0.06436759 -0.0202707 0.02549189 0.04721724 -0.0150274 0.02354341 0.06031036 -0.0236901 0.01736283 0.05754548 -0.02505558 -0.01714575 0.05418717 0.008473634 0.02139329 0.06450629 0.01194006 0.02185904 0.06416773 0.007907271 0.02327412 0.06447583 -0.008488833 0.02143937 0.06440395 -0.009321093 0.02283233 0.06348472 -0.008474051 -0.02139204 0.06450688 -0.007907271 -0.02327412 0.06447583 0.008509755 -0.02210956 0.06395858 0.01226985 -0.02072113 0.06594932 0.01227051 0.02322262 0.06595051 0.01200509 -0.02305066 0.06431871 0.01102054 -0.003532469 0.07121384 0.004661321 -0.003005027 0.06973576 0.01102173 -0.002468287 0.0711292 0.01105308 -0.002499997 0.06935054 -0.004609823 -0.00291574 0.0698474 -0.0110206 -0.00353229 0.07119709 -0.01105308 -0.002499997 0.06935054 -0.01102185 -0.002462089 0.07110351 -0.003146946 -0.0030604 0.06973755 0.003173053 -0.002890706 0.06998014 0.004654049 0.002491593 0.06986492 0.00466305 0.003451943 0.06968951 0.01102054 0.003532767 0.07119256 -0.00402671 0.002455174 0.07003217 -0.01102143 0.002468883 0.07113742 -0.01102179 0.003533065 0.07119935 -0.003782093 0.003414869 0.069772 0.003178358 0.003055036 0.06970554 0.004660606 -0.008967459 0.06969732 0.00471735 -0.008466005 0.07129639 0.01132857 -0.008562505 0.07054191 -0.004656732 -0.008752286 0.0696305 -0.01101124 -0.008456826 0.07175594 -0.00472635 -0.008464813 0.07125502 -0.003164827 -0.009114027 0.07022869 -0.003151118 -0.008466362 0.07120889 0.003175616 -0.008855581 0.06999891 0.004664182 0.008871912 0.06969672 0.004717886 0.008465588 0.07127094 -0.00405097 0.009019672 0.06927907 -0.004715502 0.008465468 0.07128083 -0.004720866 0.009536981 0.0714659 -0.003147482 0.009536564 0.07140505 0.003173172 0.009010255 0.06977832 0.003150284 0.009556829 0.07132822 -0.00314188 0.008466184 0.0711838 0.004683315 -0.01505553 0.06934458 0.004740774 -0.01444262 0.07263749 0.0109868 -0.01443362 0.0730983 0.0109812 -0.01557183 0.07346642 0.004651486 -0.01681977 0.07381433 -0.01098775 -0.01443332 0.07309621 -0.004683315 -0.01475 0.06934678 -0.004750192 -0.01444137 0.07259535 -0.004731357 -0.01714479 0.07379484 -0.0109803 -0.0155707 0.07344263 0.004683315 0.01494443 0.06934535 0.004746615 0.01556318 0.07297235 0.01087701 0.01727622 0.07439774 0.01098716 0.01443409 0.07312572 0.00474137 0.01444214 0.07261019 -0.0109812 0.01557183 0.07346642 -0.004683315 0.01524996 0.06934678 -0.004747033 0.01556295 0.07296097 -0.004740118 0.01444184 0.07260781 -0.0109809 0.01443284 0.07308083 -0.008315861 0.02070683 0.06931906 0.008222579 0.02072364 0.06932461 -0.003685832 0.02058082 0.06934928 -0.007353425 0.02317798 0.06952607 0.008285462 -0.02071166 0.06932592 -0.003935217 -0.02060663 0.06935358 -0.008239448 -0.0207206 0.06931293 -0.007394254 -0.02310389 0.06935054 0.007303059 -0.02313965 0.06941741 0.003936588 0.02061593 0.06934875 0.004766762 0.01814043 0.07369786 0.003111302 0.01803505 0.07349199 -0.003089547 0.01797407 0.07345855 -0.004766166 0.01813405 0.0737046 0.01123356 0.02078121 0.07002741 -0.01077216 0.0197528 0.07381558 0.01414775 -0.02219986 0.07395291 0.01579624 0.01969349 0.07741737 0.01875805 -0.00237298 0.0732274 0.01698321 -0.007164597 0.07460778 0.01670819 0.009530246 0.07506591 0.01824086 0.0117374 0.07415688 0.0160759 -0.022753 0.07217329 0.01610678 0.02246588 0.07262319 0.01079845 -0.01995539 0.07380312 0.008141338 0.02022302 0.07617062 -0.01565885 -0.01998919 0.07744961 0.01565712 -0.0197184 0.07765465 0.01223707 -0.02231091 0.07396364 -0.01591461 0.01926666 0.07759535 -0.003482162 0.02011042 0.07531356 -3.08845e-4 0.01744413 0.0758537 -6.9428e-4 -0.02011269 0.07456302 -5.06321e-4 -0.01764076 0.07584923 0.007330536 0.02306252 0.06934034 -0.01605838 -0.02267134 0.07223886 -0.01934033 -0.004729092 0.07230061 -0.01791089 0.002989709 0.07389867 -0.0165984 -0.01015007 0.07522249 -0.002270519 0.005052685 0.07288253 -3.03631e-4 -0.008257925 0.07335162 -0.01080065 -0.01993888 0.07378613 0.003688395 -0.02057427 0.06935036 -0.003112435 -0.0180639 0.0735647 0.003103554 -0.01796704 0.07350784 0.003520548 0.03132694 0.06943601 0.004137933 0.03135848 0.07164275 0.003811419 0.02925622 0.06924462 0.008292496 0.0288487 0.0698291 0.008299946 0.03196251 0.06899732 0.008299946 0.03110551 0.07177066 0.003456652 -0.0299232 0.07099801 0.003694534 -0.03175598 0.07005393 0.004173099 -0.02890163 0.06925207 0.008300006 -0.02880722 0.0694347 0.008326768 -0.03127288 0.0713573 0.008299946 -0.03148466 0.0684086</float_array>
          <technique_common>
            <accessor source="#gripper_base_link-mesh-positions-array" count="958" stride="3">
              <param name="X" type="float"/>
              <param name="Y" type="float"/>
              <param name="Z" type="float"/>
            </accessor>
          </technique_common>
        </source>
        <source id="gripper_base_link-mesh-normals">
          <float_array id="gripper_base_link-mesh-normals-array" count="6174">-0.6081032 0.7789114 0.1533221 -0.1352011 -0.9906542 0.01802533 -0.1653784 -0.9067299 0.3879317 -0.9980394 -0.03621125 0.05105209 -0.6368287 -0.76784 -0.06979233 0.9900106 0.06269037 0.1262892 0.9945147 -0.06323808 0.0833162 0.9851944 0.1665465 0.04067265 0.0255959 0.9990935 -0.03401738 0.9904663 -0.07152539 -0.1177316 0.9884839 -0.07110255 -0.1335816 -0.5689215 0.8201172 -0.06112492 0.9945951 0.08775526 -0.05549502 0.4627457 0.2742593 -0.8429996 0.6810643 -0.7116085 -0.1725247 -0.6327291 -0.6768929 0.3761249 -0.7723066 -0.6324266 0.0598284 -0.9994618 0.03266596 -0.003026187 -0.8672692 -0.4976559 -0.01352101 -0.9992468 0.03503698 -0.01667964 -0.001481235 4.66409e-4 0.9999988 0.2976525 -0.9546733 0.00143975 0.9828147 0.1357676 0.1250703 0.01570886 -0.05995947 -0.9980772 0.9865103 -0.1098307 -0.1213859 0.9970694 -0.06234979 0.04433286 0.9945906 0.07866889 -0.06782943 0.9826751 0.1268986 0.1350793 -0.00398153 -9.89682e-4 0.9999916 -0.977646 -0.1656463 -0.1294981 0.6639609 -0.7393963 -0.1115754 -0.9372916 -0.05197823 -0.3446487 0.02394086 -0.6952561 -0.7183634 -0.9959011 -0.08595252 0.02816277 -0.9998262 0.005204617 0.01790648 -0.4537851 0.8607789 -0.230519 -0.2182728 0.9755942 0.02393984 -0.08018749 0.964307 -0.2523532 -0.09134489 -0.8645052 0.494254 -0.3574553 -0.5731266 -0.7373952 0.3972849 0.2768216 -0.8749484 -0.00677073 0.002839207 -0.9999731 -0.03821367 -0.778008 -0.6270911 0.9931682 -0.04169225 0.1089896 0.9997654 0.01936757 -0.009703099 -0.01070326 0.7003452 -0.7137241 0.5430868 0.8386732 -0.04103928 0.01871228 0.5866477 -0.8096261 0.887977 -0.02297294 0.4593138 0.04371535 -0.1436077 -0.9886688 -0.02032464 -0.195085 -0.9805758 -0.04708361 -0.06150764 -0.9969956 0.8955176 -0.4437262 -0.03399306 -0.8817216 -0.1255266 0.454764 0.04060238 0.997999 -0.04847192 -0.1011983 0.9930722 -0.0597198 -0.04849094 0.001218914 -0.998823 0.02554035 0.06588256 -0.9975005 0.07115149 0.08700549 -0.9936637 -0.04402863 0.1944341 -0.979927 -0.9997628 0.005427956 -0.02109587 -0.1911633 -0.8633973 -0.4669066 0.8884538 0.4551669 -0.05893349 0.5146953 -0.8572223 0.01608502 -0.09989923 -0.9931954 -0.05985981 0.1214719 -0.991737 -0.04125946 -0.01148259 -0.6636155 -0.7479857 0.5434849 -0.838567 -0.0378099 0.9151286 -0.07121986 0.3968217 0.5559051 -0.7355275 -0.3872582 -0.001614451 -0.9998658 -0.01630437 -0.05154401 -0.9970045 -0.05766594 0.001739025 -0.9988411 -0.04809945 -0.1406382 0.9899348 -0.01581764 0.05044889 -0.998691 0.008449018 -0.02188754 0.9985678 -0.04882037 -0.3560885 0.9327084 -0.05706202 0.9993352 0.03524541 -0.009339153 0.0112096 -0.9999354 -0.001901626 -0.0603525 -0.9954879 -0.07322275 0.00982505 -0.9984519 -0.05474758 0.1878247 0.9710499 0.1475947 -0.05928796 0.995795 -0.06983762 0.003774166 0.998332 -0.0576111 -0.004792451 0.9982341 -0.05920958 -0.06135469 0.9953381 -0.07441663 1.21513e-4 0.9998477 -0.01745611 0.02525466 0.9996438 0.008642137 -0.002061009 0.9996286 -0.02717393 -0.05995225 -0.9954265 -0.07437658 2.3231e-4 -0.9983137 -0.05804967 -0.03418195 -0.963081 -0.2670331 0.3731694 -0.8628211 0.3410053 0.9821749 -0.1771245 -0.06292444 -0.08169144 -0.9727556 -0.2169632 0.1037425 -0.9942159 -0.02779465 -0.02334839 -0.9982943 -0.05351084 0.004250228 0.9983679 -0.05695271 -0.05805647 0.9956298 -0.07314938 0.004737257 0.9999089 -0.01264005 0.455819 0.7652973 0.4544767 -0.0328049 0.9667816 -0.2534902 -0.07439076 -0.9952795 -0.06232792 0.06812858 -0.9965584 -0.04722106 0.7568349 0.1706211 0.6309432 -0.04150879 0.9433335 -0.32924 -0.06295359 0.9955607 -0.06996959 0.02948474 0.9981449 -0.0532673 -0.08237326 0.9812377 -0.1743193 -0.3428159 -0.1247566 -0.9310817 -0.198537 0.9775083 0.07113838 0.9682133 -0.2273322 0.1043223 0.2320099 0.972469 0.0218048 0.8220967 0.2843967 -0.4932298 0.999886 -0.01486253 0.002675294 0.7518298 -0.3823006 -0.5372135 -0.133609 -0.04730135 -0.9899047 -0.03453117 0.897323 -0.4400217 -0.975284 0.2204981 0.01420938 -0.001033484 -4.53356e-4 0.9999994 0.3574728 0.5725058 -0.7378687 -0.396545 -0.276909 -0.8752564 0.6415467 -0.3533625 -0.6808471 -0.372816 0.1463046 -0.9162988 -0.9987977 0.02968162 0.03901487 -0.9997654 -0.01936644 -0.009711325 0.01162391 -0.9980562 -0.06122887 0.06324982 -0.9952043 -0.07461893 -0.7111572 -0.1564799 0.6853973 -0.009346723 -0.9806489 -0.1955516 0.04111921 -0.9612445 -0.2726139 0.08332431 0.9730227 -0.2151373 -0.1069871 0.9938972 -0.02687484 -0.1130627 0.9932562 -0.02566945 0.9954895 0.001008212 -0.09486663 0.04817181 -0.9424905 -0.3307434 -0.7574062 -0.1697752 0.6304859 0.06518715 -0.9954021 -0.07018011 -0.1702279 -0.9850445 -0.02664041 0.3307178 -0.9431534 0.03297722 0.0915662 0.9940028 -0.05978459 0.06221199 0.9964761 -0.05626052 0.9998435 0 0.01769059 -0.5954086 0.07971394 0.7994588 -0.1055179 0.3009165 0.947795 0.1187933 -0.9907099 -0.06619876 -0.1988861 -0.9792613 -0.03862118 0.9990612 -0.006919145 -0.04276555 0.999934 -0.002263665 0.01127541 0.9993593 0.01601439 -0.03201097 -0.003072679 -0.1085483 -0.9940865 -0.978883 -0.01524865 -0.2038521 0.001921594 0.04551649 -0.9989618 -0.7225092 -0.6902389 -0.03937929 -0.5956754 0.291633 -0.7484123 0.0180912 0.9697434 -0.2434552 -0.006124794 0.202928 -0.9791746 -0.01693147 -0.01460039 -0.9997501 0.02680629 1.7015e-4 -0.9996407 -0.8502212 0.5196216 -0.08436447 -0.8388196 -0.5425896 0.0444799 0.01164609 -0.5841294 -0.811577 0.2102808 0.9204641 -0.3294357 -0.05853414 0.9977515 0.03264743 -0.1602711 0.0229783 -0.9868056 0.08588302 0.9948273 -0.05424714 -0.01621335 0.9988325 -0.04550564 0.4109935 -0.9112794 0.02557843 0.5243729 -0.8514321 -0.009824931 0.8984881 -0.4383774 -0.02333259 -0.09598803 -0.9938934 -0.05442792 1.18602e-4 0.9998497 -0.01733916 -0.5185567 0.7746174 -0.3620317 0.04625248 0.9973849 -0.05553632 -0.119883 0.9924607 -0.02549552 -0.9993352 -0.03524202 -0.009351551 0.08707624 0.9954102 0.03970223 -0.2652759 -0.9389251 0.2191994 0.059183 -0.9957388 -0.07072257 -0.1551669 -0.9874902 -0.02804529 -0.01320183 0.9999061 -0.003705263 0.05695599 0.9957282 -0.07267343 -0.003306448 0.9983663 -0.05704289 0.9837682 0.1291047 0.1246282 -7.71418e-4 -0.9983192 -0.05795067 0.0614342 -0.9953126 -0.07469183 -2.04489e-4 -0.9998477 -0.01745545 -0.03943306 -0.9989486 0.02337938 0.001838922 -0.9996196 -0.02752268 -0.680341 0.3896033 0.6207621 -0.07476377 0.987013 -0.1421827 0.03146159 0.9981995 -0.05106955 -0.01644694 0.9971352 -0.07383036 8.56685e-4 -0.005750298 0.9999831 -0.7724341 -0.2703678 -0.5746712 -0.9967334 -0.05412012 -0.05994617 -0.9981464 0.004754602 -0.0606749 -0.996459 -0.01923787 -0.08185142 -0.8516578 0.3379861 -0.4005552 0.9999927 -0.002498626 0.002876877 -0.4275425 -0.8396931 0.3348478 -0.1191154 -0.9871807 -0.106235 0.03154152 0.002598643 0.9994992 -0.635415 -0.739406 -0.2225457 -0.9994791 0.009654939 0.03079694 -0.2513153 -0.909798 -0.3303155 0.9562921 -0.2253975 0.1862834 0.8835157 -0.4680904 0.01707696 0.9072604 -0.4202986 0.01508921 0.3243436 0.02420479 0.9456296 0.1306697 0.005581378 -0.9914103 0.4158489 0.9093957 -0.008326232 0.9946651 0.04368251 -0.09345155 0.04663145 0.9989122 0 0.01364475 0.01261001 0.9998275 -0.1941506 0.9799795 0.04411256 0.01810526 -0.01871007 -0.9996611 -0.7790175 -0.04858511 -0.6251171 0.4259926 -0.9042542 -0.02923864 0.4897345 -0.8716285 -0.02058714 0.1306298 -0.982853 0.130138 0.7054412 -0.7084358 0.02171093 0.3292238 -0.9442505 0.001686871 0.01740354 3.66116e-5 0.9998486 -0.01352661 0.1821504 0.9831777 -0.5073695 0.8592959 0.0647062 -5.28831e-4 0.04621058 0.9989317 -0.9998449 0.01749163 0.002088844 0.09072029 0.01578444 0.9957513 -0.1747481 0.5557535 0.8127737 0.9019317 -0.2030676 -0.3811599 -0.4723814 -0.5663084 0.6753892 0.08105474 0.2547526 0.9636033 0.3311405 0.4617157 -0.8229002 0.9370344 -0.3474861 -0.03493136 0.8558926 -0.5125665 -0.06872856 0.2761601 -0.9426043 -0.1877043 0.8453861 -0.533064 -0.03413426 0.9804506 0.1878623 -0.05852001 0.9366394 -0.2943204 0.1899531 0.9492159 0.3139061 -0.02126312 0.9770492 0.2096518 -0.03769665 -0.1081448 -0.991643 0.07034808 -0.1114428 0.9906041 0.0792725 0.08047997 0.9955688 0.04864048 -0.6185061 0.7524946 0.2262791 0.1191157 0.9871806 -0.1062359 -0.6600167 -0.6100179 0.4384703 0.4031144 0.07325363 0.9122132 0.1305934 -0.001450538 -0.991435 0.1505151 0.0570386 -0.986961 0.1053832 -0.1402115 -0.9844974 0.1053888 0.00654298 -0.9944096 -0.1219217 -0.05925393 -0.9907695 0.1083455 -0.062339 -0.9921569 -0.4666287 0.02850604 -0.8839939 0.02929508 0.2410128 -0.9700797 0.07298189 0.006120204 -0.9973146 -0.5400163 -0.8413404 0.02299976 -0.07327896 -0.03135573 -0.9968185 -0.04715967 -0.01056772 -0.9988315 -0.03378093 0.03881978 -0.9986751 -0.04079604 0.05668169 -0.9975585 0.23442 0.9624639 -0.1367865 0.6295741 0.6686285 -0.3956922 0.6595845 0.5782439 0.48019 0.9775832 0.2058563 0.04420655 0.75125 0.09721475 -0.6528191 0.7388928 -0.3190547 0.5934995 0.5252462 -0.3909581 -0.7558229 0.5005194 -0.6384636 0.5846748 0.2007097 -0.835547 -0.5114459 -0.9512636 -0.0411753 0.3056178 -0.9539359 -0.03831338 0.2975543 0.9965819 0.06801104 0.04689538 -0.9570269 0.04192107 0.2869536 -0.9444171 0.06684821 0.3218815 -0.9603592 0.1443476 0.2384826 -0.6189782 -0.07570058 0.7817515 0.04951751 -0.05167472 0.9974357 0.5524315 0.5326296 0.6411905 0.9794275 0.1974189 -0.04180312 5.27599e-4 -3.2541e-5 1 0.9797575 -0.2001712 -0.002619385 0.1696286 1.7723e-4 0.9855081 0.9991026 0.03483712 -0.02409017 0.1130625 -0.06845295 0.9912272 0.05716466 -0.0672543 0.996097 0.06575274 0.04554593 0.996796 -0.05651146 0.8763293 -0.4783865 -0.007572114 0.9734177 -0.2289121 0.1976217 0.9795089 -0.03883451 -0.2785798 0.9577298 0.07174187 0.00661993 0.9800229 -0.1987748 -0.3327031 0.9392234 0.08466547 0.198371 0.9793704 -0.03850501 0.01673495 0.9780517 -0.2076898 0.02079069 0.9180174 -0.3959949 -0.2305024 0.9728867 -0.01897853 0.1649121 -0.9862133 0.01368856 0.1802832 -0.9827288 0.04173958 -0.220624 -0.9740546 -0.05042475 0.01036608 -0.9966995 -0.0805146 0.07888829 -0.9857661 -0.1484647 0.2909064 -0.955088 0.05639475 -0.07550394 -0.9967367 -0.02855461 0.9759126 -0.1750831 0.130156 -0.02741277 0.5809802 -0.813456 -0.1119846 0.6854038 -0.7195006 0.01142221 0.3581908 0.9335786 0.05030518 0.07751536 0.9957212 0.02389436 0.04617065 0.9986478 0.0308479 0.02552354 0.9991981 0.01722645 0.0175848 0.999697 0.02356433 0.003798902 0.9997152 0.0402342 0.01139235 0.9991254 0.7275223 0.6843924 -0.04815018 0.03701734 -0.03665226 0.9986423 0.01990258 -0.01474106 0.9996933 0.07925224 -0.1958256 0.977431 -0.004875242 -0.04465991 0.9989904 0.09053176 -0.9926405 0.08042931 -0.1856523 -0.9826044 0.00468856 0.1105604 -0.9937117 -0.01771163 0.4926819 -0.7594918 -0.4247786 0.126755 -0.9918864 -0.009728431 -0.04339522 -0.9852541 0.165503 -0.9998952 -9.06292e-4 -0.01445579 0.4827366 0.8748948 0.0390464 0.9973427 0.06129598 0.03937596 0.6673876 -0.7438669 0.03543996 0.8897316 -0.4522562 -0.06198412 0.7674087 -0.6340679 -0.09508937 -0.4802965 -0.8770164 -0.01255673 0.892275 0.4512496 0.01480734 0.9048332 -0.4243566 0.03461885 0.6070252 0.7946728 0.003960013 0.01320958 0.0971679 0.9951804 0.6290405 -0.7755598 0.05305701 0.482909 -0.8754165 -0.0210939 0.4194374 -0.9077546 -0.007341206 0.3730257 -0.9278074 -0.005029022 -0.01911419 -0.999342 -0.03082656 -0.9998239 0.01809346 -0.005002439 0.5746425 -0.8183732 -0.007181227 -0.9579134 -0.09428232 -0.2711326 -0.9923309 -0.003958702 0.1235463 -0.8835138 0.4683284 -0.008493423 -0.324339 -0.02420473 0.9456312 -0.1306638 -0.00558108 -0.9914111 -0.1013358 0.07744449 -0.9918335 0.01652956 -0.09520459 -0.9953205 0.8011406 0.04991602 -0.5963911 -0.3953461 0.9179136 -0.03370893 -0.450297 0.8927533 -0.01497244 -0.1199997 0.9824899 0.1425267 -0.7157011 0.6980532 0.02221786 -0.329095 0.9442953 0.001704275 -0.01852691 5.59024e-4 0.9998282 0.06134808 -0.3813392 0.9223973 0.5412745 -0.8384678 0.06319683 0.001922309 -0.2249773 0.9743621 -0.1515199 0.006369411 -0.9884338 0.2551336 -0.02131497 0.9666709 0.007733404 0.4804021 0.8770142 -0.9075851 0.1782157 -0.3801689 -0.7391057 -0.1651565 0.6530284 -0.8268036 -0.3535146 0.4375194 0.6406888 -0.7616046 -0.09734696 -0.9502102 0.2998049 -0.08495664 -0.9994102 -0.03429806 -0.001785159 -0.9424961 0.3168549 -0.1063212 -0.9901941 0.1344031 -0.03810024 -0.9728462 -0.2228578 -0.06248748 -0.7355296 -0.6627129 -0.1407403 -0.9363837 -0.3501421 -0.02421098 -0.9275403 -0.3731703 -0.02032285 0.08022588 0.2366281 -0.9682825 -0.002900183 -0.009056389 0.9999549 -0.08047568 -0.9955701 0.04862159 0.06698954 0.9941708 0.08448022 0.9469769 -0.3123577 -0.07528328 0.6600141 0.610023 0.4384671 0.7304547 -0.6562762 0.1890439 -0.4031103 -0.07325392 0.9122149 -0.1305896 0.001450002 -0.9914355 -0.1505129 -0.05703777 -0.9869614 -0.1054883 0.1377964 -0.9848272 -0.1053906 -0.006543338 -0.9944095 0.1206021 -0.0441845 -0.9917172 0.1311953 0.1550924 -0.9791498 -0.1083437 0.06233793 -0.9921571 -0.02944177 -0.2409594 -0.9700886 -0.07295799 -0.006017565 -0.9973169 2.81849e-5 2.47874e-5 1 0.07562494 0.02762943 -0.9967535 0.05278337 0.01175153 -0.9985368 -0.04437673 0.02261722 -0.9987589 0.03377711 -0.03880226 -0.998676 0.04081696 -0.05674773 -0.997554 -0.2344169 -0.9624651 -0.136784 -0.6295734 -0.6686279 -0.3956944 -0.6595845 -0.5782434 0.4801905 -0.9775834 -0.2058568 0.04420387 -0.7512516 -0.09721553 -0.6528171 -0.7388948 0.3190557 0.5934964 -0.5252438 0.3909562 -0.7558256 -0.5004957 0.6384466 0.5847136 -0.2007062 0.8354986 -0.5115263 0.9507647 0.04086309 0.3072083 0.9541394 0.03737449 0.2970204 0.9395678 -0.07527071 0.3339862 0.9577188 0.02009224 0.2870038 0.9567525 -0.03061187 0.2892881 0.5828757 0.07210385 0.809356 -0.05109405 0.0613991 0.9968047 -0.991864 0.1149025 -0.05480122 -0.979418 -0.1974762 -0.04175907 0.06501555 -0.9808294 -0.1837028 -0.9796659 0.2006192 -0.002555012 0.9872085 -0.1587395 0.01487243 -0.1149359 0.05059564 0.9920837 -0.1130674 0.06845355 0.9912265 -0.05716353 0.06725513 0.996097 -0.06550478 -0.04312729 0.9969199 0.8906289 0.4344307 -0.1343516 -0.1996987 -0.9514046 0.2344138 -0.3437285 -0.9362177 -0.07312369 0.2785784 -0.9577304 0.0717411 -0.03669762 -0.9735362 -0.2255675 0.156583 -0.523045 -0.8377982 -0.06112211 -0.9814713 0.181599 -0.2356159 -0.9718463 3.12703e-4 -0.23747 -0.9713949 -2.00576e-4 -0.01480704 -0.9777159 -0.2094098 -0.02180749 -0.985073 -0.1707504 -0.1212252 0.9913133 0.05101472 0.2702583 0.9627052 -0.01262176 -0.9203642 0.367339 -0.1341345 -0.04390156 0.9826096 -0.1804192 -0.2346051 0.9720908 0 -0.1901466 0.9816952 -0.01090359 -0.05255937 0.9899007 0.131659 0.009832978 0.9503479 -0.3110344 0.06504869 -0.5043141 -0.8610669 -0.1621152 -0.01441657 -0.9866666 -0.0115326 -0.3574298 0.9338688 -0.05030798 -0.07751858 0.9957209 -0.02389436 -0.04617059 0.9986478 -0.0308485 -0.0255239 0.9991982 -0.01722645 -0.01758491 0.999697 -0.02356511 -0.003798902 0.9997151 -0.04023498 -0.01139235 0.9991253 -0.03701746 0.03665268 0.9986422 -0.01990193 0.01474046 0.9996933 0.5449221 0.05248129 -0.8368426 -0.08798402 0.9929093 0.07993859 0.8853321 0.4078955 -0.2231776 8.38683e-4 0.001659035 0.9999983 -0.5405287 0.8365777 -0.0892564 -0.05353814 0.9983022 -0.02294504 0.1235685 0.9390462 0.3208163 0.7841668 0.5758863 0.2311656 -0.5985283 0.7936141 0.1092738 -0.9056604 0.4194125 -0.06222862 -0.770026 0.6302193 -0.09941726 -0.5699499 -0.8192169 0.06356918 -0.7428048 0.6656769 0.07152134 -0.5011476 0.8649948 -0.02519786 -0.4194123 0.9077663 -0.007341206 -0.368591 0.9295793 -0.004796683 0.004838049 0.9995396 -0.02995294 -0.8748652 0.4787621 0.07346951 0.007324516 -0.9999727 0.001024246 -0.2963322 -0.9544854 0.03383642 -0.9973431 -0.06129616 0.039366 0.5928614 -0.7887017 0.1626808 0.9809928 0.1852059 -0.05789577 -0.9960765 0.07382738 -0.04879665 -0.771647 -0.6286541 -0.09672135 0.9952817 0.0833373 -0.04969084 0.994687 0.1013529 -0.01803719 0.6787756 -0.447485 0.5822551 -0.5565199 0.09458607 0.8254327 -0.9934382 0.1023296 -0.05108112 -0.9930874 0.1125785 -0.03322273 -0.1847479 -0.6209995 0.7617269 -0.9941168 -0.09565359 -0.05081552 -0.1678165 -0.7268229 0.6660077 -0.2087385 0.6456591 0.7345424 0.3867595 0.2638229 0.8836373 0.9933649 -0.1036465 -0.04983431 0.993015 -0.1133331 -0.03281527 0.2104378 0.6175998 0.7578169 -0.03474014 0.2992365 0.9535464 -0.2468546 0.2979105 0.9221237 0.5211275 -0.2751048 0.8079255 0.6443246 -0.3536303 0.6780793 0.2257958 -0.2749295 0.9345748 0.1547484 -0.1635341 0.9743251 0.7472419 -0.0488823 0.6627519 0.960561 -0.03887176 0.2753391 0.7985375 -0.0824666 0.5962696 0.6748109 -0.1227637 0.7277083 0.9913923 0 0.1309251 0.989294 4.40003e-4 0.1459364 -0.7164312 -0.1492311 -0.6815105 0.4078309 0.1615418 0.8986535 0.3498889 -0.009793758 0.93674 -0.1166221 0.06887459 0.9907854 0.3337689 -0.1581357 0.9292962 0.1515504 0.214354 0.9649273 0.8745322 0.07175064 0.4796306 -0.0217036 -0.1491069 -0.988583 -0.6652503 -0.226851 0.7113233 0.8390405 -0.3145427 0.4439305 -0.7334281 0.2340047 0.6382202 -0.6443074 0.353655 0.6780827 -0.1839931 0.2641694 0.9467635 0.1987646 0.1541181 0.9678534 -0.8212249 0.02964329 0.5698343 -0.9605967 0.03884744 0.2752178 -0.7985317 0.08246791 0.5962769 -0.6748134 0.1227635 0.727706 -0.9913969 0 0.1308901 -0.9892948 -4.40806e-4 0.1459305 0.7589554 0.139302 -0.6360673 -0.3216627 -0.1696788 0.9315268 -0.2214353 0.0104953 0.9751186 -0.01172393 -0.01542598 0.9998123 -0.2685006 0.1638844 0.9492362 -0.1516841 -0.2143494 0.9649075 -0.8745095 -0.07175666 0.479671 0.0227589 0.1491049 -0.9885595 -0.02814251 0.004809796 0.9995924 -0.9989616 0.009685695 -0.04451811 -0.02359056 -0.01162725 0.9996542 -0.1275641 0.221719 -0.9667306 0.001526713 -0.03145354 0.9995042 0.02831029 -0.006436884 0.9995785 0.03402113 -0.003857076 0.9994137 6.08718e-4 -0.03649008 0.9993339 0.03966099 -0.004933834 0.9992011 0.008665025 -0.003835976 0.9999552 0.01485937 0.01474159 0.999781 -0.9998746 -0.01287955 -0.009214878 0.43718 -0.1592215 0.8851678 0.04595309 0.9989429 -0.001231312 0.001250684 0.9781938 -0.2076907 -0.7361198 0.6754124 0.04411226 -0.3063787 -0.9516945 0.02024477 0.9302732 0.365459 0.032117 -0.6189468 0.7849315 0.02806204 -0.5100426 -0.8592041 0.04031151 0.9975738 -0.06684309 0.01945883 9.92772e-4 0.002080678 0.9999974 0.001210987 -0.001132726 0.9999986 -0.8495533 -0.5272236 -0.01716172 0.01472544 -0.1489822 0.9887302 -0.01538646 -0.07713174 0.9969022 0.01183283 -0.1389017 0.9902356 0.01295959 0.07620841 0.9970077 0.001547873 0.1023479 0.9947475 -0.0488938 -0.188506 0.9808542 0.1612035 -0.9183914 -0.3613458 0.02663773 0.766569 0.6416093 -0.9578216 0.01423329 0.287011 -0.4407917 -0.4419279 -0.7812826 -0.4032918 0.9147408 -0.02460044 0.1768087 0.9842062 -0.008765935 -0.9412692 -0.3373209 0.01506614 0.001210689 5.55052e-5 -0.9999993 -0.04165786 0.8697094 0.4918032 -0.6305853 -0.7614984 -0.1499416 -0.640651 0.7615851 -0.09774732 0.005751073 -0.9992525 -0.03822785 0.08304494 0.9751034 0.2056137 -0.07727491 0.2764863 -0.9579061 0.03577923 -0.9989064 0.0300979 -0.7989288 -0.5987388 0.05678623 0.999804 -0.008239209 0.01800322 -0.9972887 -0.02324938 0.06982076 0.1455342 0.9588802 -0.2436566 0.2647531 -0.9642112 0.01423776 0.8622556 0.506436 -0.006157815 -0.9997805 -0.01904046 -0.008737802 0.9959118 -0.08519887 -0.0300132 -0.005821287 0.1778023 -0.984049 0.7877376 0.6159292 0.01004391 -0.9985064 0.02700269 -0.04749697 0.9786531 0.1638901 -0.1240085 -0.9829609 -0.1439542 0.1143026 0.8029877 -0.5868808 0.1038351 -0.9906353 0.1173601 -0.06977373 0.988851 0.122812 0.08420956 0.9954755 -0.07373267 -0.05993366 0.966893 -0.01031184 0.254974 -0.02818143 0.4657778 -0.8844529 -0.9748561 -0.2172016 0.04978924 -0.9408861 0.241519 0.2374913 -0.0304321 -0.3966134 0.9174813 0.3471781 0.1188197 -0.9302415 -0.99669 -0.06087774 0.05387789 -0.9990006 -0.01963055 0.04015791 -0.9970291 -0.03653031 0.06781208 0.06553566 -0.9553127 -0.2882409 0.9791287 -0.1513839 0.1356095 0.03412353 -0.4621431 0.8861487 0.9975749 0.06031626 0.03473234 0.9994295 -0.01267606 0.03130888 0.3506971 -0.9155874 -0.1967523 -0.006571948 -0.9953842 -0.09574502 0.004672408 0.005660235 -0.9999731 0.004712224 0.9944129 -0.1054556 -0.1898677 -0.2799291 0.941058 0.9959625 0.08910971 0.01087498 0.9993537 -0.03575748 -0.00368601 -0.9979724 0.06342744 0.005311191 -0.9998506 -0.01658833 -0.004871428 0.9542768 0.2023193 -0.2200517 -0.3956801 0.9165804 -0.05760014 -0.03000539 0.003792881 0.9995425 0.4744694 -0.4596854 0.7507117 0.999526 -0.02487158 0.01814889 0.4875826 0.7828643 -0.3865059 -0.8883898 0.3180474 -0.3310733 0.04439669 0.9927625 0.1115877 -0.999756 -0.0174297 -0.01357549 -0.1328779 -0.1830608 -0.9740803 -0.9993457 -0.03504282 -0.008969724 -0.99689 0.07854771 0.006369233 0.0339502 -0.9994224 0.001509785 -0.9990842 0.04203224 0.008008539 -0.02879726 0.9927278 0.1168862 0.9561862 0.2871191 0.05718815 0.999962 -1.86117e-6 0.008720755 0.1149367 -0.05059576 0.9920835 -0.9977529 0.04158407 0.05253577 -0.4003099 0.7221013 0.5642001 0.1746684 0.9821845 0.06931531 0.8807974 0.06556886 0.4689314 0.5226432 -0.702304 -0.4833356 0.3398729 0.9403162 -0.01708382 -0.3768035 -0.9013065 0.2136957 -0.4625819 0.8100894 -0.3602405 0.6955643 0.3884033 0.604428 0.9441719 -0.3274304 -0.03645366 -0.02312481 0.7752478 0.6312339 -0.07990562 0.996618 -0.01917648 0.9955981 0.07200455 -0.05999857 0.03208291 0.06037533 -0.9976601 5.84796e-4 -0.07840287 -0.9969217 0.01155132 -0.07151013 -0.997373 0.03828561 0.08896499 -0.9952987 -0.02716976 -0.06523692 -0.9974999 -0.0336917 -0.06979447 -0.9969923 0.001253902 0.08489191 -0.9963894 -0.04580003 0.05458366 -0.9974583 -0.09781527 0.1835879 -0.9781246 0.09339064 0.01053291 -0.9955738 0.08449876 0.02076011 -0.9962074 0.2073802 0.1309409 -0.9694576 -0.08044224 -0.04184585 -0.9958806 -0.1758187 0.01632183 -0.9842873 -0.6475182 0.142805 0.7485499 -0.09613507 -0.02328634 -0.9950959 -0.1274372 -0.08617985 -0.9880956 0.2702509 -0.9624788 0.02448028 0.07191777 -0.2308021 -0.9703392 -0.5928776 -0.7956949 0.1239586 0.1381646 -0.9618905 -0.2359602 -0.04669237 0.007323443 0.9988825 0.7742419 -0.5803872 0.2523891 0.4067347 -0.9135438 -0.00213629 0.9395345 0.3419451 -0.01867091 0.003572225 0.0109049 -0.9999342 0.003930151 0.002738237 -0.9999886 0.002423286 0.001054227 -0.9999966 -0.00263226 1.55395e-7 -0.9999966 0.01390188 -0.009296357 -0.9998602 0.005544424 -0.0164113 -0.99985 -0.003392875 -0.009909749 -0.9999452 -0.001507341 -0.00230962 -0.9999962 -0.0131334 -0.00889033 -0.9998742 0.002033233 -0.001871168 -0.9999963 0.8980294 -0.426471 0.1080083 -0.1308979 0.9913517 0.009357929 0.752951 -0.6578111 0.01869297 0.6666983 0.7452369 0.01164132 -0.9025534 -0.4297508 -0.02667862 0.01910597 0.7600318 0.6496052 0.2961853 0.761412 0.5766508 0.9307934 -0.3553547 -0.0857135 0.3779314 -0.4365158 0.8164692 -0.6018084 -0.5536659 0.5755699 -0.3898566 0.4344173 0.8119688 0.5924348 0.5681537 0.5711588 0.9849541 0.1297483 -0.1141538 0.3275938 -0.341375 0.8809912 -0.01614022 -0.005905568 -0.9998523 0.01280605 0.02124816 -0.9996923 0.01365602 -0.01293176 -0.9998232 -5.38058e-5 -1.16793e-5 -1 0.2384627 -0.9711225 0.00752753 -8.25572e-4 -0.01238942 -0.9999229 2.39494e-4 0.001223325 -0.9999992 -5.24268e-4 5.7981e-4 -0.9999997 0.9996148 0.01646393 -0.02234643 -0.002974927 0.001214802 -0.9999949 -0.67386 -0.7371916 0.04961353 -0.005193173 -0.006163954 -0.9999675 0.01264739 0.05881553 -0.9981888 0.002749025 5.70365e-4 -0.9999961 -0.003587067 0.004084765 -0.9999853 -0.002964735 -0.01722472 -0.9998473 -2.06107e-4 -6.86094e-4 -0.9999998 0.006697773 0.00196886 -0.9999756 -0.001393139 1.77227e-4 -0.9999991 -0.001407742 -0.004640102 -0.9999883 -0.006158828 -0.004230797 -0.9999722 -8.67787e-4 -0.001380145 -0.9999987 -0.00175184 4.83561e-4 -0.9999985 -0.01133286 -0.00192213 -0.999934 8.40559e-4 -2.60871e-4 -0.9999997 0.001571595 -2.23652e-4 -0.9999988 0.01163578 0.006575107 -0.9999108 0.001265287 -0.003201842 -0.9999942 -0.004597246 -0.008515775 -0.9999533 0.004664719 0.05489927 -0.998481 0.01876759 0.01074224 -0.9997662 2.56181e-4 -0.00235033 -0.9999973 0.9952032 0.01151579 -0.0971499 -1.01551e-4 -3.04996e-4 -1 -4.20757e-4 0.00334233 -0.9999943 -0.01886147 -0.01100921 -0.9997616 2.62589e-4 7.06741e-4 -0.9999997 -0.005327343 -0.005689561 -0.9999697 -5.80076e-4 0.001307845 -0.999999 6.57156e-4 -1.9462e-4 -0.9999998 -7.99976e-4 -0.001920223 -0.9999979 0.02612519 0.004202663 -0.9996499 0.02144837 0.009806394 -0.999722 0.02632993 -0.01279169 -0.9995715 -7.2667e-5 0.004860818 -0.9999882 -0.001440703 3.11868e-5 -0.999999 0.0010975 0.003611266 -0.999993 -0.001127779 -0.001512348 -0.9999983 -3.58011e-4 7.54683e-4 -0.9999997 7.1773e-5 -9.2073e-4 -0.9999997 1.64647e-4 2.52169e-4 -1 -5.54291e-4 -8.78324e-4 -0.9999995 -0.008678972 -0.007394671 -0.999935 7.12382e-4 6.61287e-4 -0.9999996 -1.52303e-5 3.22705e-7 -1 -7.95213e-4 6.77874e-4 -0.9999995 9.9085e-4 0.005317091 -0.9999854 -1.03838e-4 2.95421e-4 -1 -3.48343e-4 -5.3105e-4 -0.9999998 -0.001585245 -0.001979768 -0.9999969 0.01814919 0.006745517 -0.9998126 4.11897e-4 -0.005340158 -0.9999857 5.69927e-4 0.002484083 -0.9999969 6.51379e-4 0.00253731 -0.9999967 -0.9605867 -0.2770794 0.02236735 0.01816207 0.4479217 -0.8938884 -0.9993845 0.03443282 -0.006724238 0.01872748 -0.9651574 -0.260999 0.9669293 -0.1991571 0.1593236 0.9808759 0.1946077 -0.003236889 0.9979165 -0.04638123 -0.04485207 0.9996884 -0.01759225 0.01771295 -0.6489912 -0.7606878 0.0128315 -0.9962289 -0.05210846 0.06937342 0.9781816 0.1416477 -0.1519768 -0.9938876 -0.1083518 -0.02115076 -0.797217 -0.6032279 0.02369147 -0.6405393 0.7678547 0.01042044 -0.004774808 0.005394041 -0.9999741 0.007725596 -0.0013749 0.9999693 -0.4585493 -0.8875674 -0.04423552 0.08950793 -0.9599198 -0.2655981 0.220964 -0.9429042 -0.249212 -0.1224484 0.8560578 -0.5021668 -0.4800427 0.3301141 -0.8127631 -9.52784e-4 8.8292e-4 0.9999992 0.9993701 1.11284e-4 -0.03549069 0.008321583 -0.001370012 0.9999645 0.3075032 -0.9100704 0.2778736 -0.3815674 -0.9167527 0.1181983 -0.4621506 0.8709238 -0.1670591 -0.1357577 0.9583468 -0.2512797 0.2736321 0.960173 -0.05651009 0.1098909 -0.124208 -0.9861524 -0.1985648 0.006339013 -0.9800673 -0.01053762 -0.1769683 -0.9841601 -0.06694936 -0.9975993 0.01771068 -0.9606615 -0.2764633 0.02641278 -0.922271 -0.3857355 0.02499121 0.9679752 -0.1616443 0.1920809 -0.06418919 0.9872081 0.1459459 0.9843552 0.1760038 0.00822544 -0.9862996 0.1642689 0.01512485 -0.9541373 0.2925075 -0.06372857 0.1353783 -0.9899826 0.04008859 0.1872774 0.9815895 0.03753983 -0.1880331 -0.003174901 -0.9821576 6.87204e-4 1.48964e-5 0.9999998 0.007458329 0.03323709 0.9994197 0.00135535 -3.3914e-5 0.9999992 -9.58635e-4 0.001406252 0.9999986 -0.00145471 -6.15906e-4 0.9999988 -0.9639264 0.2612843 -0.05075967 -0.05083 0.9987066 0.001161515 0.0161454 -0.002330303 0.999867 0.002095937 9.97431e-4 0.9999973 1.3557e-4 -8.2332e-4 0.9999997 -0.001164615 2.86161e-4 0.9999994 0.02386027 -0.007196843 0.9996894 -3.5771e-5 -0.004285752 0.9999908 -7.23708e-5 -0.003798782 0.9999929 6.69609e-4 4.41932e-4 0.9999998 -0.002841711 -5.66237e-4 0.9999959 -0.008627176 -0.007935762 0.9999313 -0.5291492 -0.6644293 -0.5277639 -0.007397949 -2.24692e-4 0.9999727 -0.001399338 0.001373171 0.9999982 2.93419e-4 2.51085e-4 1 0.001156806 5.96778e-4 0.9999992 7.82567e-4 6.25604e-4 0.9999996 6.76608e-4 5.43351e-6 0.9999998 0.01954746 0.01721751 0.9996607 0.01255565 0.01017487 0.9998694 0.001681625 -0.02308565 0.9997321 -4.02172e-4 -0.02429085 0.9997049 0.6355929 0.7188057 -0.2816736 -0.005086779 -1.14665e-4 0.9999871 -0.7275215 0.6858614 0.01751106 0.01055985 -0.0113601 0.9998798 -0.004224777 -0.005057156 0.9999783 0.00146079 -0.004305839 0.9999898 6.03028e-4 -0.00348699 0.9999938 0.006340622 -0.003550648 0.9999736 -0.9954531 -0.0952382 0.001721024 -0.9733753 0.1822006 -0.1390811 0.01197284 7.15053e-4 -0.9999281 0.008713662 0.001110136 0.9999614 0.006698191 0 0.9999776 -9.97901e-5 -3.65226e-4 1 0.01389104 -0.0134499 0.9998131 0.001979053 0.003206253 0.9999929 0 3.28338e-5 1 -7.02174e-4 0.001441895 0.9999988 -8.56287e-4 0.005723178 0.9999833 -0.004047155 -0.002637505 0.9999883 -1.01309e-4 9.38076e-4 0.9999996 6.66045e-4 -7.99256e-4 0.9999995 0.001773834 -0.003217697 0.9999933 0.003393113 0.009890556 0.9999454 -1.02607e-4 9.22008e-4 0.9999997 -0.9934401 0.08781212 -0.07325214 -0.005338251 0.00473082 0.9999746 -0.004335522 0.003910362 0.999983 -0.001912772 -0.001268267 0.9999974 0.1212445 0.1651379 0.9787898 0.8248683 0.563938 0.03957867 -0.853394 -0.5199443 0.0371018 -0.0024513 -0.9998978 0.01409322 0.9865292 -0.1516466 -0.06134772 0.9961884 0.08618044 -0.0134781 0.3337907 0.9420427 0.03375476 0.05848556 0.8748627 0.4808269 -0.575716 0.817465 0.0173797 -0.9198682 0.3848891 -0.07551741 -0.2458345 -0.4447939 -0.861234 -9.70778e-4 0.9998561 -0.01694351 0.5689207 -0.8201181 -0.06112039 0.03231853 -0.9114033 -0.4102433 -0.2094147 -0.9775575 0.02295732 0.9867922 0.1619758 -0.002266585 -0.8634941 -0.3509332 -0.3622483 0.6052961 -0.7590914 -0.2395767 0.8731696 0.3470813 0.342213 0.8346186 0.5453448 0.0775302 -0.6246725 0.7797663 0.04181736 -0.3385561 -0.9403327 0.03397476 -0.05873799 -0.8790404 0.4731152 0.5462873 -0.837404 0.01802182 0.8219237 0.5693979 0.01508945 -0.2265553 -0.9737128 0.02358156 0.9986623 -0.03155338 0.04096341 0.6460148 0.7632288 0.01211357 -0.1935482 -0.4690002 0.8617296 0.6560901 -0.7545531 0.01398432 0.8796265 0.151151 0.4510108 0.371208 -0.9272906 -0.04833936 0.3288196 0.9443734 0.00606215 0.5657868 0.8240186 0.02964252 0.1295827 0.9913467 -0.02098101 -0.2908965 0.001311719 0.9567537 -0.02017503 -0.002898871 0.9997923 -0.0272302 0.01883703 0.9994517 -0.09304922 0.02309304 0.9953937 -0.03773385 0.02311384 0.9990205 -0.06104511 0.004012823 0.9981269 -0.02228277 -0.008138656 0.9997187 -0.04677826 4.18888e-4 0.9989053 -0.03206026 -0.00235629 0.9994832 -0.03518283 -0.004299044 0.9993717 -0.259815 -0.9641855 0.05331593 0.1321154 -0.03043389 0.9907671 0.04069316 0.003399372 0.9991659 0.1620435 0.1122041 0.9803837 0.04491347 7.32551e-4 0.9989907 0.04811733 1.62897e-4 0.9988417 -0.9838888 0.1748431 0.03731948 0.6447792 -0.7632067 -0.0421341 -0.6274212 -0.4289898 -0.6498543 0.4330368 -0.890218 -0.1413896 -0.1238756 -0.9587754 -0.2557434 -0.5014901 0.8647258 0.02751624 -0.9943208 0.09844636 0.04042917 0.2541416 0.2724323 0.9280047 -0.03620851 0.9653488 -0.258439 0.02454829 0.9682327 -0.2488433 -0.2846181 0.9565566 -0.06318491 -0.05518031 -0.7595279 0.6481301 -0.1112213 -0.9598155 -0.257651 -0.04392409 -0.4972066 0.8665198 0.4376576 -0.897641 -0.05192941 0.7981414 0.6020303 0.02302044 -0.748153 -0.663083 0.02425092 -0.8909575 0.02491265 0.4534029 0.999945 0.01048696 -4.97489e-4 0.9992185 -0.02930575 0.02652698 0.9996829 -0.003516495 0.02493989 0.9997221 -0.01215422 0.02020126 0.9880164 -0.09501558 -0.1216384 0.9999544 0.008426904 -0.004506289 0.9999842 0.005259037 -0.00202924 0.9994814 -0.01109391 0.03022915 0.9997941 -0.01969641 0.004869103 -0.04138731 0.9652807 -0.2579154 0.9406286 -0.3387821 -0.02108544 -0.05390304 0.8334698 -0.5499297 0.987498 -0.1536409 0.0352475 0.002790212 0.2472977 -0.9689356 -0.5024299 0.8641799 0.02751886 0.9640812 -0.2650578 -0.0170871 0.987196 -0.1067475 -0.1185289 0.999978 0.00460124 0.004805743 0.9999482 0.005140006 0.00879395 0.8455252 -0.4758532 0.2421799 0.999955 -0.003856122 0.008669912 0.9980334 -0.03259372 0.05354505 0.9999413 -0.001467704 0.01074069 -0.7790019 -0.6079975 0.1532815 0.9986996 -0.02174305 0.04611384 0.9996468 0.006713747 0.02571463 0.9994296 0.02524292 0.0224384 0.9995434 0.02995127 0.004014015 0.9995843 0.02363973 0.01650643 -0.9953563 -0.02247774 -0.09359771 7.63549e-4 -1.42952e-4 -0.9999998 0.9981511 0.008487462 -0.06018608 -0.9998616 0.01216554 -0.0113579 -0.6997076 -0.5083096 0.5020265 -0.9998351 -0.01159089 0.0139845 -0.9994733 0.03017222 -0.01194626 -0.01917356 -0.3591823 -0.9330704 -0.9993929 0.03437519 -0.005679607 -0.9998512 -0.01243501 0.01196318 -0.9999358 -0.007654786 0.008371829 -0.2719768 0.9622859 0.005876243 -0.9939539 -0.0776062 -0.07767212 -0.9995355 -0.00450325 0.03014498 -0.9994128 -0.0010522 0.03424787 -0.8394433 0.3837349 0.3848146 -0.9054204 -0.04457473 0.4221694 -0.9960895 -0.08664512 0.01726931 -0.9993381 -0.02973127 -0.02096503 -0.9999341 0.008602023 0.007619202 -0.9994287 0.02154505 0.02604252 -0.9985503 0.0536803 0.003991127 -0.9971672 0.01967197 -0.0725997 -0.9969146 -0.001146614 -0.07848572 -0.9983754 0.03492128 0.04502457 -0.9987488 0.04926788 0.008573889 0.03497856 -0.9992369 0.0173844 -0.9995163 0.005159676 0.03066909 -0.9996874 0.0125454 0.0216313 -0.9991955 -0.03827273 -0.01199287 -0.9880325 -0.1476864 -0.04450231 -0.9546653 0.2963411 0.02821606 -0.9996108 -0.0271213 -0.00652939 -0.9998442 0.01754522 -0.001967132 -0.9170122 -0.3984448 0.01818335 -0.8594546 0.494574 -0.1293612 -0.2181939 0.01173722 -0.9758349 -0.9998258 -0.01866573 6.22453e-6 -0.9951583 0.09733468 -0.01364487 -0.9924137 0.1173651 -0.03661316 0.1360442 0.9906911 -0.004800915 -0.3881094 0.8441965 -0.3697345 -0.9910324 0.1319162 -0.02128404 -0.9803172 -0.196793 0.01583164 -0.9846711 0.05982184 0.1638422 -0.6447799 0.7632065 -0.04212993 -0.9981899 -0.05019778 0.03312551 -0.994657 -0.1012703 -0.02004683 0.4475754 0.1914842 0.8735046 0.6308018 0.1425359 0.7627402 -0.4486177 -0.1913887 0.8729906 -0.3117534 -0.2274212 -0.9225451 -0.980824 0.1927873 0.02859067 -0.1182888 -0.9929786 -0.001162588 -0.8731423 -0.4839386 -0.05853265 0.1892084 0.9816559 0.02349168 -0.6702165 -0.7403473 -0.0519216 -0.7274405 -0.6483494 -0.2246633 0.9988228 0.04847317 -0.001853883 -0.9674592 -0.2417043 0.07484614 -0.02428346 0.00552535 0.9996898 -0.4800406 0.8727308 0.08889389 0.8632559 -0.5047406 0.005132555 -0.8824978 0.4484913 -0.1416094 -0.8452289 0.5113871 -0.1551504 -0.6187089 0.5655966 -0.5452521 -0.6282597 0.7540472 -0.1915796 -0.631923 0.7534473 -0.1816334 0.6495081 -0.7119607 -0.2669293 -0.8431668 0.5376502 0.001363515 -0.8516595 0.5224394 -0.04163384 -0.9897552 0.02534502 0.1405071 0.6368187 0.7678596 -0.06966823 -0.5513401 0.8204674 -0.1511875 -0.673783 0.73826 0.03144496 -0.2674372 0.9635659 0.004262566 0.9389367 0.3315221 -0.09214669 0.06612241 0.9975528 -0.02272772 -0.2017737 -0.979375 -0.01059687 -0.1658061 -0.9861583 6.36276e-4 -0.08693933 -0.9959676 -0.02213615 -0.1043789 -0.9945375 -6.02476e-4 -0.1329365 -0.9905195 0.03462672 -0.2025544 -0.9792 -0.01179915 -0.1929737 -0.9808679 0.0256772 5.02689e-4 -0.8907438 -0.4545056 -0.1567261 -0.9876419 7.67017e-4 -0.3850543 -0.9228567 0.008292257 -0.911789 -0.3824124 0.149672 0.009806752 0.005573451 0.9999364 -0.8494911 -0.5235842 -0.06499654 -0.8231303 -0.5655469 -0.05112034 0.6393505 0.7688628 -0.009003102 -0.7424852 -0.6556203 -0.1373971 -0.6279913 -0.7583516 -0.174728 -0.6380312 -0.7561026 -0.1456883 -0.2135929 -0.976554 0.02684062 -0.6692264 -0.5952155 -0.4448087 0.9198678 -0.3848904 -0.07551658 0.3177283 -0.9298323 0.1856361 -0.3486929 -0.9371106 -0.0153988 0.976342 0.2073566 -0.06131637 -0.5657861 -0.8240191 0.02964329 -0.3529445 -0.9354237 -0.02031785 0.4583994 0.8859844 0.07001227 0.7723068 0.6324262 0.05982881 0.01383763 0.8974128 -0.4409748 -3.66012e-4 -0.001717567 -0.9999985 0.1051815 0.4423192 0.8906687 0.9999506 -0.004152774 0.009043574 -0.9707959 -0.1811197 0.157325 0.3720821 0.1430274 0.917114 0.1219227 0.05925476 -0.9907693 0.9370933 0.3444764 -0.05649977 0.9541952 0.2825024 0.09850901 0.9392437 -0.3371229 -0.06457132 0.7329297 -0.5647302 0.3793334 0.4512076 -0.1646948 0.8770904 0.3555526 -0.9037144 0.2385011 0.4646968 -0.8086824 0.3606795 0.8520784 -0.5164509 0.08509397 0.621262 0.7696918 0.146997 0.4013698 0.8580744 0.3203291 0.4938906 0.8685387 0.04138404 0.373785 0.9206383 0.1127386 -0.9592126 -0.2793976 0.0429908 0.2539579 -0.9671687 0.009488046 0.9674625 -0.2530056 0.002156734 0.8979897 -0.4228601 -0.121672 0.9959848 -0.08946555 0.003202319 0.9968377 0.07946354 3.2054e-4 -0.009862124 -0.005558073 0.999936 0.9948539 0.1012625 -0.003448605 0.9238004 0.382871 0.001666963 0.003924727 6.20844e-4 0.9999921 -0.9973247 0.05718594 0.04553312 -0.6393507 -0.7688626 -0.009017705 0.9996879 -0.02489542 -0.002111494 0.610871 0.7917302 -2.52329e-5 -0.184493 0.06517434 -0.9806706 -0.9298684 -0.06573313 -0.3619723 -0.9498669 -0.01742875 -0.3121687 -0.9530002 0.045264 -0.2995694 -0.9245563 0.088373 -0.3706561 -0.9259211 0.3674468 -0.08748215 -0.9562033 -0.001232028 -0.2927011 -0.9678587 -0.08236962 -0.2376233 -0.191782 0.0067631 -0.9814143 -0.07695055 -0.9955515 0.05436915 -0.2734619 0.07637953 0.9588456 0.999439 -0.02966594 0.01555287 0.9991482 0.04102814 0.004429578 -0.9470211 0.3152873 -0.06119674 -0.4159314 0.7522249 0.5110369 -0.6084525 -0.435579 0.6633677 -0.6392189 0.1976734 0.7431854 -0.9129449 0.4080733 0.002856731 -0.6081003 0.7242158 0.3251549 0.861743 0.5064813 0.02959179 0.9786271 0.1680482 -0.118528 -0.4884966 -0.8681888 0.08728897 -0.9809336 -0.1909892 -0.03595083 -0.9898343 0.1421087 0.005754768 0.4205958 0.8258581 -0.3755767 -0.9971664 -0.07521718 -0.001324474 -0.9155688 -0.4021292 -0.0050897 0.9079808 0.09319007 -0.4085174 -0.1363696 0.1094125 -0.9845975 -0.3626431 0.9249056 0.1141919 -0.5711905 0.8207762 -0.008244633 -0.4470421 0.8941718 0.02470546 -0.9847575 0.1738518 -0.005317211 -0.9936424 0.1124709 0.005014479 -0.9231119 -0.3842685 -0.01422077 0.7492613 0.6617678 0.02589905 -0.6158825 -0.7878318 0.003163516 -0.9985845 0.02154952 0.04863005 0.9299902 0.06572616 -0.3616605 0.5959887 -0.7634574 -0.2488581 0.6366782 -0.758237 -0.1404193 0.8835883 -0.444886 -0.1461107 0.8521859 -0.4991999 -0.1567758 0.8516758 -0.5224121 -0.04164206 -0.5618934 0.8271433 -0.0104838 -0.6639611 0.739396 -0.1115765 0.8431732 -0.5376403 0.001368939 0.9491041 -0.2809311 0.1424053 0.5512099 -0.8204483 -0.1517642 -0.410984 0.9112833 0.02558916 0.08917731 -0.9960159 1.30781e-4 -0.2993652 0.9526011 0.05414521 0.1897609 0.9818211 -0.004261076 0.1246954 0.9917492 0.02974402 0.100286 0.9949505 0.004046976 -0.4691127 0.8822132 -0.04041218 -0.9918084 -0.08499193 -0.09535604 0.1321488 0.9912115 -0.006043016 0.1827062 -0.7302738 0.6582694 -0.002685308 0.9998539 0.01689004 -0.4376577 0.897641 -0.05192983 0.8481288 0.5258806 -0.06424278 0.8230995 0.5655941 -0.05109602 -0.006320118 0.9954849 -0.09471023 0.7659014 0.6289921 -0.1332822 0.6305963 0.761466 -0.1500598 0.6297007 0.7603878 -0.159021 0.6348947 0.7590898 -0.1438453 -0.9998067 0.007473111 0.01818728 0.7062188 0.5573239 -0.4366293 0.8728183 0.484878 -0.05551367 0.867278 0.4976405 -0.01351881 -0.006746828 0.06322008 -0.9979768 0.9674596 0.2417023 0.07484644 0.9958415 0.03071075 -0.08577162 0.04533487 0.9751642 -0.216794 0.6518047 -0.7570707 -0.04466176 0.03954511 -0.04613387 -0.9981523 0.5620707 -0.6177328 -0.5499843 -0.99357 0.1049057 -0.04258447 -0.1107012 0.1249364 -0.9859697 -0.8346174 -0.5453465 0.07753151 0.03955423 -0.5089562 -0.8598833 0.997784 -0.04152709 0.05198723 -0.9998159 9.80214e-4 0.01916795 -0.9961831 -0.05160206 -0.0704022 0.02694654 -0.7644676 -0.6440988 0.005249142 -0.06358414 -0.9979627 -0.1696221 -1.9603e-4 0.9855092 0.3469568 0.9375413 -0.02524536 -0.9671889 0.1608547 0.1966504 -0.783877 -0.5757145 0.2325724 0.9531034 0.2942662 0.07072019 -0.8979887 0.4228613 -0.121674 0.9363802 0.03185522 -0.3495391 0.9521261 -0.03383088 -0.3038279 0.9165604 -0.06875956 -0.3939408 0.9577235 8.46575e-4 -0.2876894 -0.930102 -0.3540772 -0.09767115 0.9696335 0.08819657 -0.2281059 0.3087043 0.2265431 -0.9237856 0.3316843 -0.2907326 -0.8974743 0.2450731 0.945858 -0.2128189 -0.1205973 0.04418438 -0.9917178 0.009209513 0.7413639 0.6710402 0.167644 -0.9092887 0.3809064 -0.9693523 -0.194292 -0.1503562 -0.1111965 -0.9937969 0.001775324 -0.1047489 0.9923452 0.06541383 -0.02271574 0.9995872 -0.01759499 0.9322373 -0.2862784 -0.2213104 0.9965358 0.035066 -0.07541167 0.099173 0.897993 0.428688 -0.4583996 -0.8859844 0.07001209 0.04900109 0.06789821 0.9964882 -0.9966776 -0.07575649 -0.0299161 -0.02013856 0.954195 -0.2985068 -3.40153e-4 2.73867e-4 1 -0.1321698 -0.1658942 -0.9772464 0.5100096 0.8591752 0.04133355 -0.05011045 -0.5109843 -0.8581283 0.7361339 -0.6753253 0.04519492 -0.2058005 -0.9776215 0.04361712 0.9396652 -0.3414772 -0.02056097 -0.9999313 0 0.01172596 0.5778872 -0.3838985 -0.7201864 -0.04520386 -0.9830995 -0.1774038 0.9988652 0.04489982 -0.0158832 -0.04900211 -0.06789863 0.9964882 0.9874787 -0.0260955 0.1555794 0.05180847 -0.8391619 0.5414087 -0.9876568 0.08818721 -0.1294492 -0.996527 0.01452988 -0.08199435 0.9990429 0.04241603 0.0106883 0.9363708 0.29794 -0.1855841 0.6319899 -0.01085466 0.7749006 -0.3183634 -0.2065267 -0.9251981 -0.6646074 -0.2245216 0.712662 0.7858518 -0.01192504 0.6182999 0.1649414 0.2161393 0.9623295 -0.9972922 0.07193094 0.0153113 -0.005589544 0.9962463 -0.08638435 0.2048514 -0.8496068 0.4860084 0.2014759 0.8422145 0.5000824 0.3248598 0.9369807 -0.1285814 0.80404 0.5898441 -0.07485842 -0.6204692 -0.6121243 0.4902264 -0.1333594 0.2977185 0.9452931 -0.2998664 0.9538734 0.01434212 -0.01035135 0.9998805 -0.01148957 -0.9950293 -0.07128918 -0.06953102 0.1105227 0.7969005 0.5939146 -0.03748995 0.921154 0.3873887 0.4319238 0.3359632 -0.837001 0.112861 -0.7697889 0.6282417 0.01019769 0.9804184 0.1966615 0.9940923 0.1028043 0.03481096 -0.7871396 0.01812529 0.6165086 0.296225 -0.2459309 0.9229133 0.7656471 0.3800827 -0.5189623 0.9030967 0.005550682 -0.4294013 0.9998204 0.004784345 -0.01834303 -0.6518048 0.7570706 -0.04466181 0.01118707 -0.8436382 -0.5367956 0.02375912 -0.6822538 0.7307293 -0.04000592 -0.07486927 -0.9963906 -0.06699091 -0.994171 0.08447706 0.115347 -0.9793191 -0.1662201 0.5735985 0.8188464 -0.0218054 0.009882628 0.9752697 0.2207969 -0.08376979 -0.995777 0.03755998 -0.1195324 -0.9928025 -0.007438957 0.09873539 -0.9923779 0.07373839 -0.230934 -0.9455236 -0.229466 -0.9601226 -0.01314926 0.2792702 0.05264317 0.03231841 -0.9980903 -8.13402e-4 -4.4728e-4 -0.9999996 0.2178171 0.755327 -0.6180915 -0.09131407 -0.04362851 -0.994866 0.02496469 -0.9993754 -0.02501243 -0.004892408 8.86186e-4 -0.9999877 0.09693419 -0.03530991 -0.9946643 -0.9994867 0.0281018 0.01539057 0.9965481 -0.01243007 -0.08208221 -0.1054238 -0.1190158 -0.9872797 -0.5924226 -0.8017715 0.0787276 0.1468489 0.2669749 -0.9524494 0.9597156 0.227067 0.1654888 0.6502756 0.757072 0.06311643 0.005443334 0.007259249 -0.9999589 -0.01805692 0.8459067 -0.5330252 -0.9969739 0.01433664 0.07640486 0.1471037 -0.1125194 -0.9827003 -0.6143033 0.7413551 -0.2702298 0.9999772 -0.0025388 0.006267845 -0.9970168 0.00157231 -0.07717025 0.1553887 -0.9868067 0.04546296 0.1081438 0.9916432 0.07034784 0.9580404 0.01626336 0.2861715 0.6737825 -0.7382605 0.03144252 -0.5644614 -0.8234924 0.05695438 -0.9823123 -0.1786111 -0.05621862 -0.05220192 0.1634694 -0.9851664 0.03067517 0.7769635 0.628798 -0.9401043 -0.07435345 -0.3326792 0.9930692 0.1109019 0.03891336 0.8790209 0.47662 0.01248157 0.9999335 -0.01154172 -3.09191e-5 -0.9951019 0.09486496 0.0277996 0.9998477 -0.01745414 0 -0.003323674 -0.001779973 0.9999929 0.05333393 -0.1620641 -0.9853379 0.6455699 0.4960987 -0.5806252 0.9964736 -6.59964e-4 0.08390432 0.99754 -0.06818205 -0.01628595 0.05394351 0.4885624 0.87086 0.9983112 -0.04716241 -0.03392016 -0.9984864 0.05178904 -0.01852065 -0.972119 0.1765353 0.1543372 0.7042559 0.7087371 -0.04141837 0.9880148 -0.1429716 -0.05819052 0.05417925 0.006164252 -0.9985122 0.003078103 0.238982 -0.9710191 -0.01190716 0.08808499 -0.9960418 -0.04729485 -0.7992151 -0.5991816 -0.03605645 0.007205903 -0.9993238 -0.1870452 -0.0240457 -0.982057 -5.34022e-5 -0.003355503 -0.9999944 0.005730867 -0.02902239 -0.9995625 -0.00574553 0.004544913 -0.9999732 -0.9817459 0.1901925 -0.001370906 -0.195514 0.04565894 -0.9796375 0.177487 -0.9636332 -0.1997734 -0.006359577 -0.03507483 -0.9993644 -0.1280182 0.003012537 -0.9917673 0.07450258 -0.03627729 -0.9965608 0.08776491 -0.9889045 0.1198552 0.004536211 -0.005080401 -0.9999768 0.009771585 -0.01232498 -0.9998763 0.3438361 0.04284536 -0.9380518 0.3811118 0.04477071 -0.9234443 -0.07066136 0.04196429 -0.9966173 -3.06098e-4 -0.02654236 -0.9996477 0.02504819 0.8098826 -0.5860572 -0.3048639 0.05395686 -0.9508663 -0.05780941 -0.02946221 -0.9978929 0.4028826 0.007092952 -0.9152242 -0.01045364 -0.297463 -0.9546762 -0.01686543 -0.223281 -0.9746083 0.005561232 -0.06102758 -0.9981207 -0.05987262 -0.05747044 -0.9965503 0.04059511 -0.8079794 -0.5878106 0.3076014 -0.9513403 0.018247 -0.1608728 -0.9784022 0.129804 0.9618477 -0.1138974 0.2487497 0.1114466 -0.9906001 0.07931786 0.9640315 -0.1106631 0.2416548 0.9628304 0.2510439 0.09967267 -0.8906128 -0.4344745 -0.1343159 -0.9991104 0.03205335 0.02740931 -0.3570936 0.9147896 0.1887968 -0.978397 -0.1660724 0.1231231 -0.9620275 0.0797404 0.2610451 -0.9484293 0.2832526 0.1423021 -0.838686 0.510556 0.1895744 0.1424571 -0.9795728 0.1419266 -0.1696089 0.9824627 0.07745909 -0.7703244 0.5994083 -0.217509 -0.1757011 -0.8697484 0.4611582 -0.9402229 0.340016 0.01923906 -0.9999395 0.004331529 0.01012444 0.1345511 -0.9816966 -0.1347875 -0.2322274 -0.7124109 -0.6622245 -0.003099083 -0.9882576 0.1527661 -0.04834562 -0.9933987 0.1040274 0 -0.9993909 0.03490012 -0.1903571 -0.9717889 -0.1392503 0.02467751 0.6813806 -0.7315132 -0.07052177 0.9914978 0.1093565 0.06606179 0.9947283 -0.07843273 -0.9999533 3.50711e-4 0.009653866 -0.9756309 -0.139754 -0.1691544 -0.9250008 -0.3798802 -0.008037865 -0.9951242 0.09529054 0.0254513 -0.9997873 0.02042585 0.002856194 0.9975734 0.05486917 0.04285806 -0.9996762 -0.0066486 0.02456015 -0.9997488 -0.004533886 0.02194923 -0.9998569 -0.004018008 0.01643311 -0.47922 0.5438421 0.6889005 -0.9997912 0.02014935 0.003410577 0.5798112 0.8139835 0.03535366 -0.9973068 0.07287353 -0.008284389 -0.9788142 -0.1449006 -0.144661 -0.9892913 0.08100175 0.1214151 0.8801571 -0.4681012 -0.07876998 -0.9996812 -0.02485823 0.004446566 -0.9995094 0.007886946 0.03031277 -0.9995422 -0.02860355 0.00986427 -0.9996991 -0.01920378 0.01526427 -0.9995167 -0.009342789 0.02965211 -0.9996262 -0.009624838 0.02559566 -0.9996516 -0.02583473 0.00541681 0.999992 -0.003525197 -0.001886427 0.9999881 0.004582881 -0.001694858 0.8719053 0.3457714 0.3467324 0.9999986 -0.001612544 4.87027e-4 0.9998309 -0.005171358 0.0176562 -0.9982961 -0.05658036 -0.0142728 -0.9531034 -0.2942669 0.07071733 0.8906028 -0.4378491 -0.1229423 0.9996621 -0.02334183 -0.01144701 0.9976967 -0.00773704 -0.06739103 0.9998778 0.008215785 0.01330304 6.44083e-4 -8.03444e-4 0.9999995 -0.8632555 0.5047411 0.005149543 0.9979519 -0.06320804 -0.009840786 0.9999206 0.005245149 0.01146084 0.9996079 0.02237623 -0.01683104 0.9999634 0.00672096 0.005287349 0.9999203 2.5825e-4 0.0126298 0.9633926 -0.1951533 0.1838202 0.9999765 -0.005464851 0.004136919 0.9999104 -0.009304046 0.009623587 0.9987797 -0.04873049 0.008046329 0.9995119 -0.02372187 0.02033114 0.9909905 0.02549254 -0.1314842 0.9643164 0.2647411 0.002453625 0.9939164 -0.1100675 0.003942549 0.9959163 9.89052e-4 -0.09027719 -0.1297807 0.991295 0.02216213 0.9958123 0.0898264 -0.01700705 0.4693037 -0.2961198 0.8319057 0.9996525 -0.005257606 0.02583277 0.9997538 -0.01058369 0.01950824 0.996624 0.03639042 -0.07359689 0.9931313 0.06087356 -0.0999239 0.9988272 -0.02378481 0.04217386 0.996455 0.08412241 0.001035869 0.998165 0.0488401 0.03579634 0.9836287 0.05313313 0.1721964 0.9976817 -0.06775677 -0.006349384 0.9976282 -0.06854695 -0.006280362 0.9943796 -0.09595495 -0.04474258 0.9888036 -0.1042999 0.1067193 -0.01057761 -0.2597208 -0.9656258 -0.9503027 -0.1582474 0.2681097 -0.07111591 0.03761136 -0.9967588 0.6831383 -0.7290244 -0.04296052 -0.9351273 0.05861514 -0.3494297 -0.1780638 -0.2384384 -0.9546939 0.3090228 -0.9510526 -0.002025902 0.1451262 -0.9778479 -0.150837 0.1747291 0.9825251 0.06414222 -0.06280666 -0.6507752 0.7566684 -0.07397741 0.02419972 0.9969664 0.008296012 -5.61007e-4 0.9999654 0.8725987 -0.4736565 -0.1192529 -0.7362197 0.6765558 0.01590055 -0.1342869 0.03075408 0.9904652 -0.2708958 -0.3427649 0.8995153 0.9978818 -0.01837688 0.06240355 -0.9669357 0.2546344 0.01402401 0.261593 -0.9245622 -0.2770453 -0.7616531 -0.6469003 0.03747934 0.02151513 -0.9997514 -0.005857586 0.05571556 0.9884651 -0.1408278 0.9637783 -0.1952286 0.1817065 -0.6187892 0.7733764 0.1378005 0.9999812 0.004789113 0.003847181 0.1300542 0.1920148 -0.9727365 0.9989792 0.04320049 -0.01320791 0.05198478 -0.2273942 -0.9724143 0.2047193 0.3264103 -0.9227927 0.9894759 0.1376979 -0.04446375 0.06558698 -0.04328024 -0.9969078 -0.9850881 -0.1696572 0.02860152 -0.08560633 0.2435228 0.9661099 -0.3274234 -0.9441505 -0.03706854 0.9477881 0.3172827 -0.03208535 -0.8905676 0.4545968 -0.0152083 -0.05027651 0.9987262 0.004275858 -0.01403367 0.01220762 -0.9998271 -0.3578534 -0.9335185 -0.02200615 0.1639207 -0.9856518 0.0402565 0.9999991 -4.96269e-4 0.001321077 0.4020228 0.9154364 -0.01881015 0.05491757 0.02250576 0.9982373 0.1880603 -0.8612821 -0.4720451 0.7871034 -0.6164544 -0.02127158 0.0681203 0.09631544 -0.9930171 -0.07480227 0.9950461 0.06548225 -0.1639205 0.9856519 0.0402559 -5.06321e-4 -0.9989684 0.04540824 -0.4476867 -0.09883475 -0.8887117 0.03703063 0.02943849 -0.9988805 0.1008148 -0.01220709 -0.9948304 0.9999274 -0.003880023 -0.01141339 -0.1070271 0.9085441 0.4038476 0.9998213 -0.004216074 -0.01843196 -0.9958415 -0.03071153 -0.08577102 0.4519644 0.09705412 -0.8867405 -0.802154 0.5759912 -0.1574264 0.1341398 -0.9882147 0.07374364 0.0580309 -0.923672 0.3787645 0.2334881 -0.06275528 -0.9703325 -0.06443768 -0.09369426 -0.9935137 0.9999499 0.003572583 -0.009352862 -0.05880451 0.02609944 -0.9979284 0.01188981 -0.9991785 -0.03874462 0.134284 -0.03075504 0.9904655 -0.9581612 -0.007387459 -0.2861337 -0.929087 0.2176548 -0.2990381 -0.9856102 -0.1660336 -0.03170865 0.1007973 0.1096927 0.9888415 0.03193879 -0.9986806 -0.04021376 -0.0125252 0.9999102 0.004760324 0.3426029 0.9389452 0.03170663 0.2351877 0.9719088 0.008953154 0.1048374 -0.333506 -0.9369007 -0.9994486 0.007721662 0.03229415 0.08379179 -0.9939768 0.07063454 0.9323545 -0.3615455 -3.59971e-4 0.2647292 0.9641754 0.01686531 0 -0.9997667 0.02160131 -0.2747184 0.9506573 -0.1441553 0.9702889 -0.2418197 0.007926464 -0.03145837 4.55359e-4 0.999505 -0.6050035 0.7959014 0.02262616 0.02247536 -0.60741 0.7940705 -0.8355064 -0.5494154 0.008480608 -6.12537e-4 0.9990588 -0.04337263 0.3848664 0.9225901 -0.02655911 -0.09100955 0.006297647 -0.9958301 -0.9888493 -0.126406 -0.07873094 0.9967503 0.08009129 0.008622586 -0.1847327 0.8157549 0.5481039 0.9168446 0.3920065 -0.0756765 0.4162957 0.9087355 -0.02996522 0.9754181 -0.1765784 0.1318318 -0.4173764 -0.9082534 -0.02954328 -0.2446216 -0.9695467 -0.01180398 -0.03755837 0.9991539 0.0167641 0.2289602 0.5406095 -0.8095175 0.9354135 -0.07388705 0.3457489 -0.8915267 0.4296954 0.143325 0.07710933 0.7223318 0.6872343 0.4298614 0.8383775 0.3351753 -1.28147e-4 4.16281e-4 1 0.03403317 -0.9992875 0.01632213 0.9581648 0.002219498 -0.2862086 0.9945601 -0.0896427 -0.05305236 -0.03841489 0.01953268 0.9990711 -0.9739955 -0.1312125 -0.1847057 0.3938363 -0.9183169 -0.0398401 -0.002165794 0.01075202 0.9999399 0.8922342 0.3288984 -0.3094254 -0.9421309 0.2789646 0.1859254 0.9996134 0.01433098 -0.02382558 0.9994173 -1.6369e-4 -0.03413486 -0.9889119 -0.1484865 -0.002292871 -0.9896314 0.1432944 -0.009827554 -0.9725635 -0.2325198 -0.007411599 -0.05198097 0.2273906 -0.9724153 -0.002784967 0.9990657 0.0431289 -0.9533947 0.2110975 0.2155841 -0.9324395 0.361326 -3.72181e-4 -0.08378756 -0.9960497 -0.02940618 0.9999963 -0.002616345 -8.08534e-4 -0.8001334 0.5981297 0.04502934 -0.6738226 0.7388929 6.34759e-4 -0.2435117 0.3214635 0.9150756 -0.09234422 0.9957253 0.001975595 0.2067009 -0.1553555 -0.9659915 -0.7699605 0.573624 0.2794934 0.769937 -0.4421744 -0.4600857 -0.1147733 0.9908872 -0.07049649 0.7184451 -0.6953637 0.01749873 -0.9330586 0.3582227 -0.03283751 -0.134138 0.9882143 0.07375288 -0.7986235 0.6014847 -0.02042007 0.9513967 -0.3026057 -0.05722123 -0.969031 -0.246741 0.009893596 -0.07415765 0.1124836 0.9908825 -0.02490979 0.9989885 -0.03743827 -0.6025715 -0.7980443 0.005734145 -0.3774774 0.9250277 -0.04283362 0.03680872 -0.07683384 -0.9963642 -0.8284199 -0.5600433 -0.00849545 0.3421277 -0.9393793 -0.02269983 -0.9959047 -0.08269667 -0.03654199 -0.07032024 -0.9970394 -0.03110468 -0.9964275 -0.06754624 0.0506944 0.8355081 0.5494128 0.008481323 5.06615e-4 0.9989684 0.04540824 0.01859557 -0.9576948 -0.2871848 0.9725639 0.2325179 -0.007411837 0.9896311 -0.1432962 -0.009828329 0.8905681 -0.4545956 -0.01520788 0.6738222 -0.7388933 6.34594e-4 0.0578953 0.9980181 0.02466213 0.4119041 -0.9112265 0.001147627 0.01642107 -0.9998544 0.004656851 -0.1021921 0.9946271 -0.01654392 -0.9758749 -0.154445 0.1543214 -0.0291903 -0.9988818 -0.03718954 0.6129064 -0.2303187 0.7558434 -0.02381074 -0.9990922 -0.03532582 -0.7127584 0.6867913 0.1424543 -0.003210365 0.002173662 0.9999926 -0.04099857 0.477082 0.877902 -0.05909228 -0.2239008 0.9728189 0.1448388 0.3591617 0.9219678 0.9859868 -0.05472683 0.157592 0.9201682 -0.3901724 -0.03249788 0.7336902 -0.6777499 -0.04851663 0.9597544 -0.005074024 0.2807953 -0.1437005 -0.9342916 0.3262659 -0.03338181 5.85624e-4 0.9994426 -0.9168446 -0.3920067 -0.07567596 0.0272234 1.08298e-4 0.9996294 0.9985077 -0.00227189 -0.05456501 -0.9945604 0.08965563 -0.05302357 -0.9624159 0.2207475 0.1581966 -0.2334847 0.06275337 -0.9703334 -0.04057741 0.8054615 0.5912573 0.8332833 0.552671 -0.01392847 -0.9925106 -0.03698694 -0.116425 0.9624146 -0.2207558 0.1581937 -0.4016452 -0.915616 -0.01813077 0.9868245 0.1567435 0.04011374 0.07932806 -0.2442878 0.9664525 -0.03035026 0.04458296 -0.9985446 -0.8131948 -0.5605298 -0.1565907 -0.08883118 -0.980009 -0.1780203 0.8871398 -0.3934037 0.2412812 0.9414738 -0.2189788 0.2562722 -0.4090591 0.09162116 0.9078966 0.9202107 -0.3884415 -0.04822432 0.6363587 -0.7597658 0.1334303 0.05886352 -0.02612483 -0.9979242 -0.1176982 0.9930216 -0.007440984 -0.4119052 0.911226 0.001145422 0.07480233 -0.9950462 0.06548154 0.9856397 -0.0538848 -0.1600339 -0.03696501 -0.02938073 -0.9988846 0.3630908 -0.9256346 -0.1066105 -0.9525447 0.3029497 -0.02966791 -0.957722 -0.190854 -0.2152749 0.9800468 0.1401994 0.1408989 -0.633749 0.6073631 0.4790328 -0.09051394 -0.476462 0.8745234 -0.9879353 -0.1496536 0.03984701 -0.006968915 -0.968296 -0.2497083 -0.07394599 0.2261995 -0.9712702 -0.3130609 0.9385265 -0.1454679 -0.1480626 -0.9889781 -4.07846e-5 -0.993443 -0.1123343 -0.0212658 -0.6050534 -0.7961317 -0.009217023 -0.6620591 0.7438486 0.09147143 0.9974198 -0.05839556 0.04175722 0.1483924 0.001560688 -0.9889274 -0.8458815 -0.5248231 -0.09510707 -0.8628843 -0.5045319 -0.02963936 -0.9996765 0.01352345 -0.02153921 0.9970148 0.001272261 0.07720071 -0.004658937 -0.00919032 0.999947 0.6521713 -0.7575666 -0.02766793 -0.03032398 -0.9368212 -0.3484919 -0.9998326 0.00601691 0.01727825 -0.5899995 0.8064754 -0.03870701 -0.3220419 0.9378134 -0.1295959 0.06631398 -0.861668 -0.503121 -0.02918004 0.2577683 -0.9657661 -0.06557255 -0.9541655 -0.2920081 0.6210443 -0.7834267 -0.023382 -0.5506024 0.06534731 -0.8322059 -0.001500725 0.9082533 -0.4184181 -0.9291763 -0.3649893 0.05843174 -3.78037e-4 2.08918e-4 1 -0.328461 -0.9444981 0.006079554 0.9999048 0.006716907 0.01205772 -0.9456715 -0.1214151 0.3016023 0.01251912 0.04611402 0.9988577 -0.007088899 0.9430247 -0.3326471 0.08988863 -0.04602825 -0.9948877 0.01943373 0.9996321 -0.01892018 0.9790878 -0.09950017 -0.1774458 -0.06701642 -0.09576988 0.993145 -0.9590442 0.223063 0.1745775 -0.9981344 0.005057632 -0.06084632 -0.9922968 0.03218132 -0.1196303 0.9999317 -0.01164948 0.001003861 -0.4691801 -0.8081741 0.3559842 -0.620655 -0.7393646 -0.2610124 -0.9992637 -0.02085411 -0.03220832 -0.02044147 -0.869484 -0.4935382 0.9789187 -0.0211938 -0.203148 -0.05707556 0.998137 0.02156507 0.06754088 0.2263962 0.9716908 -0.5809581 0.7880237 0.2037314 -0.9402539 -0.3400633 -0.01672196 0.9961361 -0.01015353 0.08723467 0.6175361 0.4318593 0.6573786 1.85639e-4 3.1185e-4 1 0.008988142 0.06547158 0.9978139 0.9720094 0.17134 -0.1607497 0.7549472 0.6547074 -0.03759157 -0.9854251 0.05891245 -0.1595827 0.5492049 -0.8355373 -0.01586121 -0.9998491 1.18686e-4 -0.01737529 0.1019823 -0.2569629 -0.9610254 -0.1348956 -0.007434129 -0.990832 0.6404396 -0.7616893 -0.09832012 0.2527538 0.4456753 -0.8587719 -0.005922377 0.006454348 0.9999617 -0.9989458 -0.04092735 0.02079302 0.9912073 -0.1306339 0.02104485 -0.168842 0.03809744 0.9849067 -0.5434203 -0.55421 0.6305124 0.1426163 -0.216108 -0.9658975 -0.002790689 -4.6985e-4 0.9999961 0.6313705 0.674197 0.3831838 0.5457675 -0.8342444 0.0785759 -0.03689354 -0.4590573 0.8876404 -0.5679927 -0.05653297 -0.8210898 -0.9999234 -0.00273019 -0.01207351 0.07941943 0.9941213 -0.07359021 -0.2231753 0.9743555 0.02871149 -0.764498 -0.6412463 -0.0659247 0.09938377 -0.9572217 -0.2717528 -0.0290631 0.460854 0.8870001 -0.94576 -0.002296328 0.3248583 -0.970831 -0.2329052 -0.05694276 -7.63094e-4 -3.49882e-5 -0.9999998 0.1117818 0.6118078 0.7830683 -0.6263566 -0.7708064 -0.1163399 -0.6405044 0.7616357 -0.09831231 0.02460104 -0.9994624 -0.02167266 0.1154057 0.9734643 0.1976079 0.003960788 0.08302319 -0.9965398 0.05399805 -0.9985408 7.1782e-4 -0.3348501 -0.9417536 0.03123873 0.9999206 -9.49897e-4 0.0125668 -0.9997504 0.01794147 -0.01331335 0.9925945 0.1214755 -1.87144e-4 0.02539908 0.2067 -0.9780747 0.9389294 0.3433084 0.02347183 -0.9998669 -0.003149986 0.01601368 0.9530897 0.2978214 -0.05406051 -0.9868496 0.1522765 -0.05422174 0.9961854 -0.06681406 -0.05612981 0.9674531 -0.2499492 0.03949826 -0.05460667 0.4863355 -0.8720642 0.03339159 -0.7679615 0.6396249 0.499127 -0.01745402 -0.8663531 0.06100219 -0.5207568 0.8515229 0.9991748 0.01973563 -0.03550034 0.9977464 0.06267511 0.02395677 -0.04427033 -0.02181994 0.9987813 0.6662035 -0.6001861 0.4426621 -0.2228674 0.8905041 0.3966518 -0.9996457 -0.02244997 -0.01430487 -0.9963517 0.08131545 -0.02590894 -0.999998 0 -0.002050697 0.03626042 -0.9993423 6.63919e-4 0.05008983 0.9986936 0.01011478 0.9009448 0.4167065 0.1210555 0.9999662 1.021e-4 0.008229792 0.1688451 -0.03809642 0.9849061 -0.999817 -0.001963078 0.01902836 0.3812809 0.9243539 0.01396077 0.8144558 -0.524266 -0.2486103 0.9945045 0.08175987 -0.06539219 0.2541338 -0.454684 -0.8536267 -0.3464909 -0.9343534 -0.08323365 0.004276216 -0.9992922 0.0373767 0.8878305 -0.4589319 0.03374052 0.9763978 -0.2159708 0.002027988 -0.2810605 0.9596394 0.009865522 -0.9997906 -0.00402677 0.02006489 0.9998521 -0.003042399 -0.01693284 -0.1486131 -0.4453911 0.8829162 -0.6334488 -0.7614225 -0.1377629 0.08078104 0.4957071 -0.8647248 0.9974192 -0.04938179 0.05211991 0.9773734 -0.196464 0.07837963 -0.5953692 -0.8034519 8.15513e-4 -0.5061968 -0.860549 -0.05674844 0.0844506 0.9819912 -0.1690019 -0.1833525 0.2501259 -0.9506939 -0.1622713 -0.00317806 -0.9867411 0.02495181 -0.208395 -0.9777265 -0.02404427 -0.9995164 -0.01972228 0.9516882 -0.2264994 -0.2073346 0.245742 0.9664211 0.07510882 0.9876571 0.1560654 0.01330894 -0.990798 0.1335735 0.02185267 -0.9683972 0.2330228 -0.08892422 0.08289402 -0.9959326 0.03531098 0.3002943 0.9521803 0.05635756 0.04404097 -0.2623942 -0.9639553 -0.9912452 -0.002123594 -0.1320177 -0.02696853 0.9994378 -0.01992034 -0.4387559 -0.1642431 -0.883469 0.6438044 0.7203658 -0.2580488 -0.8863233 0.4629651 -0.009723246 -0.9992799 0.03385126 -0.01714169 -0.9998455 -0.002390444 -0.01741647 -8.76917e-4 -5.50584e-4 -0.9999995 -0.9967401 0.05674344 -0.05735373 -0.08385455 -0.9851128 -0.1500711 0.9846886 -0.1655442 -0.0546239 0.9989372 0.04230624 -0.01829576 -0.888103 0.4566255 0.05259621 -0.078067 -0.2368687 -0.9684001 0.1900015 0.9716985 -0.1403625 0.6620553 -0.7438514 0.0914765 0.1995149 -0.9379758 -0.2835407 0.9997206 -0.01173663 -0.02051758 0.2936916 -0.9450574 0.1435685 -0.9793388 0.201624 -0.0155999 0.9767143 0.2134401 0.02173668 0.9688736 0.2346466 0.07889932 0.5003244 -0.8654299 -0.02658021 0.8533938 0.5199446 0.03710466 0.6379072 0.7700202 -0.01197642 0.1167573 0.9931464 -0.005295276 -0.1042414 -0.9941702 0.02755749 -0.9946689 -0.09158867 0.0473864 0.6595519 -0.7325277 -0.1685065 -0.08349537 0.9964938 0.005348861 -0.988385 0.1191431 0.09434121 0.2583026 -0.6912224 0.6749011 -0.3591815 -0.9243042 -0.1290367 -0.04826515 -0.5061058 0.8611198 0.3409582 -0.9399192 0.01730823 0.9841446 0.1564719 0.08352231 -0.01267087 0.9845333 -0.174739 0.7344198 -0.6786422 -0.008510231 -0.01260715 0.2365418 -0.9715395 -0.09842973 0.9951342 -0.004438102 -0.9317489 -0.3429419 -0.1193106 3.21081e-5 -2.04882e-4 -1 0.9986509 -0.006526291 -0.051517 -0.003132939 -0.3492856 -0.9370111 0.004687845 0.2686193 -0.963235 0.1400954 0.990105 -0.008090496 -0.01502048 0.7873092 -0.6163755 -0.6595509 0.7325289 -0.1685053 0.9993138 -0.03440207 -0.01372802 0.8450845 -0.5327577 -0.04473698 0.6034454 -0.759332 -0.2434516 0.6048013 0.7963223 -0.009295225 -0.6923747 0.7165358 0.08481621 0.9511907 0.2882717 -0.1101621 -0.004797875 -0.8924146 -0.4511911 0.09854269 -0.01714348 0.9949852 0.6291078 0.7750437 -0.05942034 0.8881034 -0.4566248 0.05259484 6.90681e-4 -0.9916997 0.1285743 0.9779666 0.198305 -0.06524187 -0.6379247 -0.7700057 -0.01197439 0.5577368 0.8239185 -0.100439 0.8458825 0.5248214 -0.09510755 0.03996443 0.888424 -0.4572807 -2.76674e-4 0.003026068 -0.9999954 -0.1759362 0.3872362 0.9050385 0.9998094 0.007594168 0.01798927 0.8456333 0.5061028 -0.1696009 0.9837146 0.06408917 -0.1679232 0.3571514 0.9299774 -0.08709144 -0.9702387 -0.2409773 0.02380794 -0.0985403 0.01714354 0.9949855 -0.9971297 -0.002367794 0.07567501 -0.6291095 -0.7750422 -0.05942064 -0.9982156 0.01377469 0.05810213 -0.1557724 0.05085575 -0.986483 0.00749737 -0.9645984 -0.2636169 0.9491111 -0.304999 0.07850927 0.995258 0.09725964 -0.001415967 0.9999616 0.001075565 -0.008703351 0.9979068 -0.04448914 0.04693502 0.01937395 0.7630941 -0.6459969 0.9862883 -0.03016394 -0.1622518 -0.3764681 -0.07793658 -0.9231456 -0.9968588 0.04594385 0.06451171 -0.706574 0.7075985 0.007587313 -0.6521698 0.757568 -0.0276665 -0.6023111 0.798035 0.01901406 -0.8993191 -0.4372932 1.39908e-4 0.03745967 -0.4634961 0.8853068 -0.1014599 0.9783588 -0.1803329 -0.2930179 0.9547896 0.05017244 0.06785023 0.9972488 0.02985328 0.6263537 0.7708088 -0.1163393 -0.9999126 8.10054e-4 0.01319932 0.8628837 0.504531 -0.02967226 -0.008839666 0.06156343 -0.9980641 0.9887776 -0.1417839 0.04707735 -9.05181e-4 0.9936042 -0.1129154 0.5719864 -0.8140998 0.1003648 -0.04902219 0.0454778 -0.9977618 -0.9970018 0.07736527 0.001471996 0.1970428 -0.2675272 -0.9431878 0.04996895 -0.5149161 -0.855783 0.9997876 -2.99662e-4 0.02060818 -0.9994792 -0.02374231 0.02185475 -0.03036302 -0.4461989 -0.8944187 -0.005366683 -0.05424666 -0.9985132 -0.009047806 -0.06547367 0.9978134 -0.9001354 0.2421538 -0.3621019 -0.6451119 -0.6672643 0.3722755 0.9703766 0.2410079 -0.01686501 -0.9494435 -0.2879438 -0.1250823 0.6312553 0.7581493 0.1634819 -0.9306401 -0.359942 -0.06596136 -0.1286554 -0.9914954 -0.01961153 0.02922779 0.9984959 0.04638701 -0.08414167 0.9964465 0.003816187 0.9961025 0.03961014 -0.07880914 -0.5577357 -0.8239195 -0.1004371 0.09861308 0.0703845 0.9926337 -0.9946355 0.1033739 -0.003748774 3.41279e-4 3.96603e-4 0.9999999 0.7560919 0.6543496 0.01232671 -0.04914671 -0.5103611 -0.8585547 -0.1947268 -0.9797875 0.04580605 0.9929025 -0.11889 0.003154754 -0.9998689 -0.004536449 0.01554924 0.2146396 -0.9726104 0.08921253 0.9979176 -0.06450217 -1.96071e-4 -0.0986126 -0.07038456 0.9926338 0.03310865 0.3576486 -0.9332692 -0.9993457 -0.02216655 0.0285812 -0.1370797 0.94906 -0.2837154 0.1587833 0.9635993 -0.2150915 -0.5474121 0.8366263 -0.01991158 -0.9958851 -0.06289607 -0.0652464 -0.5717498 0.8142189 0.1007468 0.003875017 -0.8491307 -0.5281685 -0.02821427 -0.8978704 0.4393548 0.0504288 -0.9895745 -0.1349047 0.2739892 0.9616392 0.01342403 0.2047419 0.9779686 0.0407198 0.09953308 -0.9926492 0.0688526 -0.9552514 -0.003508388 0.2957742 0.002376496 6.89573e-4 -0.999997 -0.003691732 0.00422734 -0.9999843 0.9938813 -0.04113513 -0.1025083 0.2165768 0.2915152 -0.931726 0.9628893 0.2018943 0.1791172 0.6393659 0.7689011 -0.001609921 -0.001270174 -5.81086e-4 -0.9999991 -0.00385493 0.8563746 -0.5163409 -0.9847221 -0.1655831 0.0538963 0.3825291 0.06920325 -0.9213481 -0.6377268 0.7325618 -0.2380288 0.99995 0.004451096 0.008967936 0.056562 -0.9979744 0.02911764 0.9924623 0.08072656 0.09220623 0.6923731 -0.716538 0.08481067 -0.3846577 -0.9193865 -0.08226323 -0.982354 -0.1783444 -0.05633825 -0.0968731 -0.0355584 -0.9946614 -0.02749663 0.9400006 0.3400632 0.9903861 0.03942215 -0.1325943 0.999378 0.0284273 0.02087444 0.9998477 -0.01745486 0 -3.32683e-4 2.99362e-4 1 0.09720355 0.03353744 -0.9946994 0.04911917 0.4790905 0.8763901 0.9819966 -0.1389142 -0.1280058 0.7542986 0.6564581 -0.009827077 0.9868378 -0.1529057 -0.05264151 -0.9958927 0.08976823 -0.01181453 -0.02413421 0.9911985 0.1301658 -0.970607 0.2334686 -0.05843371 -0.9998114 -0.006559431 0.01827985 0.003640115 -0.9998816 -0.01495361 -0.02707076 0.8989459 -0.4372224 0.9937052 0.07094407 0.08670043 0.5910874 0.805018 0.05061471 0.8466206 -0.5183426 -0.1206426 0.9998366 -0.005918502 0.01708418 -0.970377 -0.2410061 -0.01687288 -0.8450704 0.5327807 -0.04473358 0.04893833 0.9542792 0.2948837 0.2120784 0.02324146 -0.9769762 0.3549857 -0.07663828 -0.9317252 0.7077784 -0.7057345 -0.03144317 -0.07908821 -0.1125609 -0.9904924 0.2691944 -0.9630362 0.009783923 0.1072928 0.9926628 0.05575698 -0.1531197 -0.7326799 0.6631249 -0.107475 -0.0290423 0.9937835 -0.9731457 0.2301062 0.006226062 -0.6312708 -0.7722784 -0.0712974 0.9717827 0.235756 -0.007598578 -0.07442778 0.2580221 0.9632679 -0.5228887 -0.8152477 -0.248915 0.9790821 0.1950623 -0.05787128 -0.9028711 0.429909 0.001528799 -0.05450856 0.001337289 -0.9985124 0.8360254 -0.5486183 -0.008917212 -0.988778 0.1417816 0.04707705 0.0249257 -0.9986986 -0.04449659 -0.9580726 -0.0100336 -0.2863503 -0.9895044 -0.1377184 -0.04375779 0.05900681 0.0438624 0.9972935 0.007879793 -0.9995779 -0.02796113 0.1217225 0.9924685 -0.01378655 0.9988878 -0.02302503 0.04114902 0.9759385 -0.2180455 5.58637e-4 -0.7311726 0.6809013 -0.04195445 -0.8483428 -0.5290353 0.02088904 -0.03195661 0.9990313 -0.03025734 0.470895 0.879987 -0.06229639 0.9888743 0.1471224 0.02197247 0.3854763 0.9217311 -0.04265916 -0.3840066 -0.9223177 -0.04323446 -0.04644459 0.9987424 0.0188893 0.04487437 -0.9988136 0.0189175 0.9582179 0.00997883 -0.2858654 0.411328 -0.9104449 -0.04358267 -0.9504667 -0.3080095 0.04175108 -0.99616 0.08588135 0.01702487 -0.9704437 -0.2410126 -0.01233237 -0.9988886 0.02302181 0.04113 -0.6632679 0.7483528 -0.006627321 -0.01621055 0.3686906 0.9294108 0.0304647 0.9988172 -0.037898 -0.9795141 0.2010973 0.01058578 -0.8320154 0.5547127 -0.006649613 0.9853127 -0.169619 -0.01971095 -0.9210339 -0.3891023 -0.01720237 -0.008913755 0.9995328 -0.02923613 -0.4114395 0.9100095 -0.05099356 -0.7942354 -0.607208 -0.02210658 0.8483436 0.529034 0.02088963 0.9704443 0.24101 -0.01233267 0.99616 -0.08588111 0.01702523 0.9028716 -0.4299077 0.001529753 0.6632641 -0.7483561 -0.006629526 0.4210984 -0.9069807 0.007891952 -0.1211727 -0.9924962 -0.0163871 0.09039133 -0.9959047 0.001850187 -0.06212931 -0.2302663 0.9711423 0.8445793 -0.5353769 0.007595539 0.9708726 -0.02458232 0.2383322 0.808503 0.5878597 -0.0272783 0.999678 0.02233695 0.01204407 0.09343159 -0.2313835 0.9683658 0.9886882 -0.1488322 0.01856529 -0.4210979 0.906981 0.007888853 -0.9605519 0.2749117 -0.04199856 -0.9983955 -0.05298876 0.01997005 -0.07367563 0.2258576 -0.9713703</float_array>
          <technique_common>
            <accessor source="#gripper_base_link-mesh-normals-array" count="2058" stride="3">
              <param name="X" type="float"/>
              <param name="Y" type="float"/>
              <param name="Z" type="float"/>
            </accessor>
          </technique_common>
        </source>
        <vertices id="gripper_base_link-mesh-vertices">
          <input semantic="POSITION" source="#gripper_base_link-mesh-positions"/>
        </vertices>
        <triangles count="2058">
          <input semantic="VERTEX" source="#gripper_base_link-mesh-vertices" offset="0"/>
          <input semantic="NORMAL" source="#gripper_base_link-mesh-normals" offset="1"/>
          <p>780 0 560 0 779 0 385 1 205 1 239 1 845 2 846 2 645 2 510 3 489 3 488 3 367 4 534 4 363 4 8 5 2 5 1 5 8 6 1 6 9 6 6 7 4 7 0 7 130 8 128 8 155 8 2 9 7 9 3 9 3 10 7 10 5 10 428 11 365 11 549 11 3 12 1 12 2 12 194 13 196 13 123 13 11 14 15 14 16 14 11 15 16 15 10 15 461 16 355 16 462 16 13 17 14 17 12 17 423 18 410 18 407 18 38 19 34 19 35 19 605 20 599 20 602 20 235 21 352 21 206 21 33 22 26 22 25 22 170 23 171 23 172 23 30 24 25 24 27 24 484 25 511 25 482 25 27 26 31 26 30 26 26 27 29 27 28 27 788 28 746 28 791 28 31 29 32 29 30 29 273 30 271 30 270 30 388 31 393 31 392 31 23 32 22 32 17 32 37 33 34 33 36 33 54 34 72 34 64 34 726 35 727 35 731 35 640 36 642 36 516 36 509 37 264 37 567 37 927 38 809 38 806 38 55 39 56 39 57 39 57 40 56 40 58 40 682 41 750 41 776 41 911 42 915 42 893 42 70 43 50 43 71 43 75 44 61 44 62 44 77 45 78 45 79 45 77 46 831 46 78 46 17 47 20 47 21 47 152 48 128 48 125 48 83 49 82 49 84 49 84 50 82 50 66 50 83 51 84 51 85 51 86 52 80 52 78 52 55 53 88 53 87 53 67 54 66 54 89 54 67 55 89 55 57 55 83 56 85 56 91 56 92 57 83 57 91 57 83 58 92 58 93 58 93 59 92 59 73 59 866 60 887 60 888 60 890 61 887 61 889 61 94 62 98 62 90 62 657 63 523 63 593 63 62 64 99 64 74 64 74 65 99 65 73 65 76 66 96 66 90 66 76 67 90 67 100 67 194 68 123 68 119 68 63 69 101 69 65 69 65 70 101 70 103 70 65 71 103 71 72 71 72 72 103 72 92 72 75 73 102 73 61 73 133 74 188 74 131 74 74 75 73 75 102 75 74 76 102 76 75 76 105 77 53 77 54 77 54 78 52 78 106 78 54 79 106 79 104 79 104 80 106 80 91 80 64 81 107 81 63 81 107 82 64 82 72 82 107 83 72 83 92 83 104 84 91 84 110 84 104 85 110 85 105 85 105 86 110 86 53 86 53 87 110 87 51 87 51 88 110 88 109 88 71 89 111 89 69 89 69 90 111 90 85 90 49 91 108 91 111 91 49 92 111 92 71 92 881 93 885 93 943 93 47 94 113 94 114 94 47 95 114 95 68 95 68 96 114 96 84 96 69 97 85 97 115 97 69 98 115 98 70 98 70 99 115 99 50 99 50 100 115 100 49 100 49 101 115 101 112 101 58 102 117 102 67 102 67 103 117 103 66 103 48 104 118 104 47 104 47 105 118 105 116 105 118 106 48 106 68 106 118 107 68 107 84 107 942 108 839 108 804 108 52 109 107 109 106 109 735 110 736 110 737 110 819 111 923 111 820 111 630 112 628 112 522 112 97 113 98 113 99 113 20 114 768 114 19 114 89 115 86 115 87 115 89 116 87 116 88 116 183 117 181 117 182 117 789 118 598 118 790 118 586 119 639 119 655 119 127 120 128 120 129 120 129 121 128 121 130 121 62 122 59 122 60 122 136 123 135 123 137 123 139 124 124 124 140 124 143 125 133 125 134 125 138 126 147 126 148 126 138 127 148 127 139 127 139 128 148 128 124 128 124 129 148 129 123 129 123 130 148 130 145 130 149 131 125 131 146 131 125 132 149 132 144 132 144 133 149 133 150 133 623 134 614 134 900 134 152 135 125 135 153 135 153 136 125 136 126 136 153 137 126 137 144 137 153 138 144 138 154 138 786 139 612 139 611 139 156 140 151 140 155 140 130 141 155 141 151 141 138 142 191 142 140 142 47 143 112 143 113 143 246 144 443 144 247 144 162 145 129 145 151 145 162 146 151 146 156 146 166 147 165 147 167 147 167 148 174 148 166 148 167 149 173 149 174 149 165 150 176 150 177 150 11 151 14 151 15 151 165 152 179 152 176 152 175 153 158 153 171 153 122 154 119 154 120 154 877 155 878 155 874 155 154 156 144 156 174 156 174 157 144 157 150 157 178 158 166 158 147 158 180 159 159 159 181 159 164 160 184 160 180 160 164 161 180 161 183 161 163 162 170 162 172 162 163 163 172 163 185 163 854 164 855 164 846 164 134 165 186 165 141 165 141 166 186 166 142 166 223 167 550 167 224 167 188 168 133 168 143 168 188 169 143 169 141 169 188 170 141 170 142 170 189 171 137 171 187 171 187 172 137 172 135 172 137 173 189 173 176 173 176 174 189 174 177 174 191 175 121 175 122 175 577 176 684 176 685 176 136 177 192 177 135 177 192 178 136 178 176 178 192 179 176 179 179 179 193 180 122 180 120 180 122 181 193 181 190 181 190 182 193 182 178 182 28 183 25 183 26 183 190 184 178 184 195 184 190 185 195 185 191 185 191 186 195 186 121 186 121 187 195 187 119 187 119 188 195 188 194 188 140 189 124 189 196 189 196 190 124 190 123 190 196 191 147 191 140 191 140 192 147 192 138 192 504 193 515 193 507 193 158 194 186 194 157 194 754 195 553 195 552 195 147 196 195 196 178 196 659 197 884 197 643 197 159 198 160 198 162 198 341 199 344 199 342 199 810 200 826 200 261 200 283 201 296 201 284 201 556 202 532 202 533 202 824 203 170 203 404 203 471 204 483 204 472 204 901 205 914 205 916 205 741 206 740 206 739 206 207 207 208 207 209 207 210 208 211 208 212 208 219 209 218 209 220 209 218 210 221 210 220 210 231 211 230 211 232 211 618 212 867 212 635 212 233 213 231 213 213 213 230 214 213 214 234 214 503 215 491 215 687 215 206 216 232 216 235 216 201 217 237 217 238 217 242 218 334 218 249 218 250 219 248 219 245 219 245 220 248 220 374 220 242 221 249 221 250 221 248 222 250 222 249 222 208 223 207 223 243 223 207 224 251 224 243 224 245 225 252 225 253 225 253 226 254 226 245 226 256 227 255 227 257 227 242 228 256 228 257 228 242 229 257 229 258 229 265 230 261 230 276 230 281 231 260 231 259 231 939 232 934 232 941 232 281 233 280 233 282 233 263 234 262 234 266 234 266 235 268 235 263 235 263 236 268 236 271 236 272 237 263 237 271 237 261 238 275 238 276 238 260 239 281 239 278 239 275 240 261 240 278 240 278 241 261 241 260 241 457 242 400 242 424 242 415 243 416 243 417 243 293 244 290 244 292 244 812 245 830 245 326 245 408 246 421 246 409 246 297 247 283 247 298 247 288 248 287 248 300 248 301 249 329 249 288 249 300 250 302 250 301 250 303 251 529 251 299 251 300 252 301 252 288 252 421 253 427 253 425 253 303 254 299 254 292 254 307 255 197 255 306 255 247 256 248 256 309 256 247 257 309 257 310 257 641 258 640 258 516 258 311 259 308 259 307 259 311 260 307 260 312 260 313 261 305 261 314 261 314 262 305 262 304 262 247 263 310 263 315 263 315 264 310 264 316 264 316 265 310 265 311 265 316 266 311 266 312 266 316 267 312 267 317 267 317 268 312 268 313 268 317 269 313 269 318 269 318 270 313 270 314 270 318 271 314 271 241 271 319 272 320 272 322 272 320 273 319 273 321 273 508 274 495 274 493 274 320 275 326 275 328 275 324 276 326 276 320 276 328 277 326 277 327 277 321 278 325 278 320 278 296 279 297 279 528 279 822 280 445 280 823 280 295 281 286 281 285 281 620 282 587 282 615 282 290 283 289 283 291 283 286 284 288 284 289 284 33 285 30 285 821 285 293 286 292 286 330 286 330 287 292 287 299 287 331 288 299 288 529 288 246 289 254 289 209 289 209 290 254 290 253 290 209 291 253 291 207 291 207 292 253 292 252 292 207 293 252 293 251 293 255 294 210 294 257 294 257 295 210 295 212 295 257 296 212 296 258 296 334 297 333 297 210 297 334 298 210 298 255 298 245 299 246 299 209 299 245 300 209 300 252 300 252 301 209 301 208 301 242 302 244 302 256 302 256 303 244 303 212 303 256 304 212 304 255 304 255 305 212 305 211 305 32 306 28 306 29 306 244 307 258 307 212 307 345 308 251 308 252 308 246 309 247 309 335 309 335 310 247 310 315 310 315 311 337 311 335 311 316 312 336 312 337 312 316 313 337 313 315 313 317 314 338 314 316 314 316 315 338 315 336 315 297 316 282 316 280 316 339 317 340 317 318 317 318 318 340 318 317 318 241 319 352 319 318 319 318 320 352 320 339 320 201 321 206 321 202 321 202 322 206 322 352 322 353 323 213 323 203 323 236 324 202 324 352 324 203 325 205 325 353 325 239 326 203 326 213 326 912 327 878 327 879 327 203 328 239 328 238 328 203 329 238 329 237 329 236 330 204 330 202 330 237 331 201 331 204 331 204 332 201 332 202 332 810 333 936 333 829 333 244 334 242 334 345 334 250 335 245 335 345 335 243 336 244 336 345 336 333 337 211 337 210 337 240 338 204 338 236 338 205 339 203 339 548 339 548 340 203 340 237 340 548 341 237 341 240 341 240 342 237 342 204 342 810 343 38 343 35 343 466 344 430 344 815 344 876 345 897 345 874 345 488 346 489 346 490 346 350 347 351 347 352 347 360 348 359 348 361 348 359 349 362 349 361 349 950 350 948 350 946 350 349 351 251 351 372 351 345 352 373 352 250 352 239 353 205 353 548 353 238 354 376 354 236 354 236 355 376 355 240 355 239 356 548 356 238 356 376 357 238 357 548 357 351 358 350 358 375 358 375 359 350 359 377 359 236 360 378 360 379 360 379 361 380 361 236 361 110 362 108 362 109 362 239 363 383 363 384 363 239 364 384 364 385 364 458 365 387 365 403 365 466 366 391 366 389 366 466 367 399 367 391 367 268 368 269 368 267 368 466 369 388 369 392 369 392 370 395 370 466 370 466 371 395 371 398 371 399 372 466 372 398 372 387 373 401 373 403 373 386 374 390 374 405 374 401 375 387 375 405 375 405 376 387 376 386 376 638 377 895 377 894 377 625 378 617 378 616 378 418 379 415 379 417 379 295 380 285 380 300 380 750 381 666 381 695 381 422 382 408 382 423 382 815 383 450 383 817 383 413 384 412 384 425 384 413 385 426 385 455 385 425 386 427 386 426 386 428 387 535 387 424 387 425 388 426 388 413 388 303 389 288 389 329 389 528 390 302 390 296 390 428 391 424 391 417 391 241 392 376 392 434 392 241 393 434 393 435 393 799 394 740 394 798 394 436 395 433 395 432 395 436 396 432 396 437 396 305 397 312 397 306 397 438 398 430 398 439 398 439 399 430 399 429 399 241 400 435 400 440 400 440 401 435 401 441 401 441 402 435 402 436 402 441 403 436 403 437 403 441 404 437 404 442 404 442 405 437 405 438 405 442 406 438 406 443 406 443 407 438 407 439 407 443 408 439 408 247 408 444 409 447 409 445 409 444 410 445 410 446 410 449 411 450 411 444 411 448 412 447 412 444 412 453 413 444 413 450 413 446 414 451 414 444 414 421 415 422 415 534 415 16 416 811 416 807 416 420 417 411 417 410 417 635 418 866 418 633 418 415 419 414 419 416 419 501 420 482 420 700 420 416 421 413 421 417 421 418 422 417 422 456 422 456 423 417 423 424 423 457 424 424 424 535 424 265 425 76 425 100 425 738 426 505 426 691 426 352 427 379 427 350 427 350 428 379 428 378 428 350 429 378 429 377 429 382 430 205 430 459 430 382 431 459 431 353 431 382 432 353 432 384 432 384 433 353 433 354 433 384 434 354 434 385 434 385 435 354 435 230 435 236 436 352 436 378 436 378 437 352 437 351 437 841 438 909 438 905 438 383 439 239 439 354 439 383 440 354 440 381 440 381 441 354 441 353 441 381 442 353 442 205 442 354 443 239 443 230 443 201 444 377 444 378 444 381 445 205 445 382 445 352 446 241 446 460 446 460 447 241 447 440 447 440 448 462 448 460 448 441 449 461 449 462 449 441 450 462 450 440 450 442 451 463 451 441 451 441 452 463 452 461 452 464 453 465 453 443 453 443 454 465 454 442 454 152 455 155 455 128 455 345 456 349 456 346 456 346 457 349 457 246 457 620 458 522 458 657 458 245 459 346 459 246 459 347 460 334 460 211 460 242 461 347 461 371 461 816 462 445 462 447 462 245 463 348 463 346 463 373 464 345 464 348 464 348 465 345 465 346 465 743 466 742 466 741 466 374 467 348 467 245 467 334 468 347 468 249 468 249 469 347 469 373 469 249 470 373 470 374 470 374 471 373 471 348 471 238 472 236 472 201 472 375 473 239 473 201 473 347 474 242 474 250 474 347 475 250 475 373 475 388 476 815 476 817 476 478 477 477 477 508 477 473 478 474 478 509 478 468 479 467 479 510 479 477 480 479 480 508 480 479 481 494 481 508 481 495 482 512 482 493 482 492 483 493 483 512 483 509 484 476 484 473 484 475 485 476 485 509 485 499 486 498 486 513 486 467 487 469 487 510 487 934 488 929 488 928 488 490 489 514 489 488 489 487 490 488 490 514 490 511 491 472 491 470 491 471 492 472 492 511 492 484 493 482 493 483 493 159 494 129 494 130 494 159 495 130 495 127 495 132 496 131 496 158 496 131 497 143 497 134 497 134 498 158 498 131 498 131 499 135 499 119 499 119 500 135 500 120 500 122 501 136 501 137 501 122 502 137 502 131 502 131 503 137 503 143 503 139 504 140 504 191 504 139 505 191 505 122 505 123 506 125 506 127 506 127 507 139 507 123 507 123 508 139 508 122 508 123 509 122 509 119 509 119 510 122 510 131 510 127 511 130 511 126 511 127 512 126 512 139 512 139 513 126 513 125 513 87 514 57 514 58 514 87 515 58 515 55 515 60 516 59 516 98 516 59 517 75 517 62 517 62 518 98 518 59 518 59 519 63 519 51 519 51 520 63 520 52 520 54 521 64 521 65 521 54 522 65 522 59 522 59 523 65 523 75 523 70 524 71 524 105 524 70 525 105 525 54 525 49 526 47 526 55 526 55 527 70 527 49 527 49 528 70 528 54 528 49 529 54 529 51 529 51 530 54 530 59 530 55 531 58 531 48 531 55 532 48 532 70 532 70 533 48 533 47 533 526 534 551 534 552 534 849 535 866 535 868 535 553 536 551 536 527 536 117 537 116 537 118 537 532 538 554 538 555 538 534 539 555 539 556 539 534 540 556 540 533 540 559 541 557 541 526 541 532 542 560 542 531 542 531 543 560 543 561 543 532 544 562 544 560 544 23 545 491 545 843 545 563 546 532 546 531 546 231 547 206 547 213 547 375 548 378 548 351 548 596 549 595 549 597 549 596 550 597 550 598 550 596 551 598 551 595 551 600 552 599 552 601 552 600 553 601 553 602 553 600 554 602 554 599 554 598 555 597 555 603 555 599 556 604 556 601 556 723 557 724 557 759 557 606 558 571 558 572 558 607 559 609 559 571 559 607 560 571 560 606 560 613 561 574 561 612 561 612 562 574 562 573 562 612 563 573 563 610 563 881 564 884 564 885 564 43 565 42 565 40 565 51 566 108 566 49 566 60 567 97 567 99 567 865 568 648 568 649 568 620 569 623 569 621 569 775 570 582 570 682 570 783 571 778 571 757 571 952 572 955 572 954 572 403 573 402 573 404 573 395 574 396 574 394 574 676 575 576 575 675 575 694 576 696 576 500 576 896 577 914 577 898 577 230 578 235 578 232 578 610 579 792 579 787 579 126 580 151 580 144 580 670 581 673 581 669 581 925 582 841 582 905 582 664 583 662 583 663 583 662 584 667 584 668 584 643 585 672 585 659 585 620 586 628 586 630 586 173 587 154 587 174 587 626 588 627 588 624 588 494 589 512 589 495 589 92 590 102 590 73 590 37 591 543 591 34 591 688 592 689 592 493 592 154 593 155 593 153 593 508 594 493 594 689 594 115 595 84 595 114 595 778 596 561 596 780 596 73 597 95 597 93 597 498 598 692 598 693 598 692 599 498 599 509 599 24 600 18 600 19 600 120 601 192 601 193 601 510 602 488 602 696 602 487 603 500 603 696 603 487 604 696 604 488 604 511 605 537 605 564 605 511 606 699 606 482 606 565 607 696 607 566 607 482 608 699 608 700 608 475 609 513 609 476 609 515 610 389 610 470 610 468 611 249 611 515 611 459 612 223 612 353 612 478 613 548 613 474 613 482 614 481 614 483 614 474 615 473 615 513 615 513 616 473 616 476 616 512 617 477 617 478 617 479 618 477 618 512 618 469 619 487 619 514 619 705 620 706 620 707 620 527 621 731 621 553 621 820 622 449 622 819 622 713 623 712 623 714 623 714 624 712 624 715 624 743 625 669 625 742 625 935 626 825 626 843 626 643 627 648 627 644 627 101 628 102 628 103 628 645 629 648 629 865 629 686 630 835 630 491 630 206 631 239 631 213 631 199 632 200 632 198 632 251 633 371 633 372 633 756 634 616 634 521 634 22 635 802 635 496 635 291 636 288 636 292 636 68 637 70 637 47 637 697 638 747 638 744 638 697 639 744 639 507 639 507 640 744 640 745 640 507 641 745 641 746 641 222 642 251 642 217 642 747 643 746 643 745 643 748 644 749 644 695 644 695 645 749 645 750 645 781 646 555 646 783 646 930 647 803 647 807 647 848 648 846 648 847 648 106 649 92 649 91 649 677 650 521 650 576 650 576 651 521 651 591 651 576 652 591 652 519 652 680 653 577 653 517 653 581 654 521 654 677 654 680 655 517 655 580 655 580 656 517 656 593 656 580 657 593 657 579 657 579 658 593 658 523 658 578 659 519 659 755 659 578 660 755 660 517 660 578 661 517 661 577 661 579 662 523 662 583 662 583 663 523 663 582 663 523 664 756 664 582 664 582 665 756 665 521 665 582 666 521 666 581 666 616 667 618 667 619 667 882 668 650 668 883 668 594 669 516 669 656 669 899 670 614 670 897 670 557 671 525 671 526 671 727 672 730 672 731 672 760 673 761 673 718 673 433 674 448 674 432 674 709 675 569 675 762 675 709 676 762 676 710 676 712 677 710 677 715 677 715 678 763 678 716 678 718 679 716 679 764 679 718 680 764 680 719 680 722 681 570 681 765 681 722 682 765 682 723 682 723 683 765 683 725 683 704 684 766 684 706 684 756 685 522 685 626 685 211 686 371 686 347 686 625 687 756 687 624 687 624 688 756 688 626 688 645 689 651 689 646 689 767 690 547 690 768 690 547 691 545 691 768 691 837 692 904 692 901 692 769 693 543 693 770 693 543 694 544 694 770 694 771 695 540 695 772 695 540 696 541 696 772 696 911 697 891 697 910 697 771 698 813 698 540 698 713 699 753 699 711 699 713 700 754 700 753 700 753 701 752 701 711 701 752 702 758 702 711 702 522 703 628 703 629 703 758 704 750 704 749 704 758 705 749 705 708 705 708 706 749 706 707 706 342 707 432 707 341 707 777 708 749 708 751 708 406 709 390 709 407 709 745 710 777 710 705 710 745 711 705 711 747 711 707 712 745 712 744 712 707 713 744 713 705 713 744 714 747 714 705 714 701 715 779 715 778 715 703 716 780 716 779 716 703 717 779 717 701 717 675 718 780 718 703 718 701 719 783 719 782 719 701 720 782 720 724 720 724 721 782 721 759 721 759 722 782 722 781 722 759 723 781 723 783 723 759 724 783 724 757 724 721 725 741 725 739 725 683 726 739 726 759 726 743 727 721 727 759 727 743 728 759 728 739 728 743 729 741 729 721 729 721 730 760 730 720 730 631 731 633 731 886 731 738 732 737 732 760 732 721 733 736 733 760 733 760 734 736 734 738 734 717 735 737 735 683 735 683 736 737 736 736 736 717 737 761 737 760 737 717 738 760 738 737 738 734 739 733 739 717 739 717 740 733 740 714 740 714 741 733 741 732 741 714 742 732 742 713 742 676 743 675 743 777 743 682 744 776 744 775 744 679 745 678 745 717 745 685 746 684 746 683 746 759 747 685 747 683 747 717 748 683 748 679 748 759 749 757 749 685 749 717 750 678 750 775 750 717 751 775 751 734 751 734 752 775 752 732 752 775 753 776 753 752 753 775 754 752 754 754 754 777 755 682 755 681 755 728 756 729 756 776 756 776 757 729 757 752 757 729 758 727 758 752 758 752 759 727 759 758 759 776 760 727 760 728 760 703 761 705 761 675 761 675 762 705 762 777 762 515 763 470 763 483 763 182 764 156 764 173 764 483 765 470 765 472 765 622 766 874 766 875 766 8 767 7 767 2 767 487 768 467 768 468 768 514 769 490 769 489 769 514 770 489 770 469 770 762 771 528 771 530 771 37 772 544 772 543 772 28 773 31 773 27 773 715 774 526 774 763 774 797 775 599 775 605 775 550 776 764 776 524 776 333 777 364 777 211 777 700 778 698 778 501 778 721 779 722 779 759 779 538 780 773 780 537 780 537 781 773 781 564 781 654 782 892 782 893 782 134 783 131 783 132 783 634 784 616 784 619 784 863 785 846 785 864 785 690 786 502 786 693 786 687 787 568 787 689 787 687 788 689 788 688 788 772 789 541 789 568 789 568 790 541 790 542 790 542 791 454 791 478 791 875 792 860 792 622 792 871 793 846 793 863 793 177 794 168 794 165 794 581 795 681 795 682 795 653 796 755 796 652 796 652 797 755 797 651 797 131 798 187 798 135 798 924 799 818 799 813 799 493 800 503 800 688 800 502 801 498 801 693 801 156 802 159 802 162 802 611 803 610 803 787 803 502 804 496 804 497 804 870 805 854 805 871 805 616 806 634 806 589 806 507 807 666 807 748 807 646 808 651 808 518 808 518 809 746 809 648 809 520 810 616 810 589 810 584 811 679 811 683 811 679 812 580 812 678 812 672 813 644 813 746 813 746 814 644 814 648 814 507 815 788 815 666 815 789 816 790 816 787 816 672 817 746 817 697 817 788 818 789 818 666 818 666 819 789 819 661 819 661 820 789 820 632 820 746 821 611 821 787 821 746 822 787 822 791 822 837 823 802 823 838 823 590 824 746 824 658 824 658 825 746 825 518 825 789 826 787 826 589 826 665 827 695 827 666 827 789 828 589 828 632 828 632 829 589 829 634 829 746 830 590 830 611 830 611 831 590 831 786 831 748 832 504 832 507 832 695 833 504 833 748 833 96 834 833 834 95 834 664 835 663 835 615 835 305 836 327 836 830 836 586 837 670 837 669 837 793 838 608 838 587 838 794 839 669 839 795 839 795 840 669 840 608 840 667 841 735 841 691 841 639 842 654 842 655 842 897 843 914 843 903 843 682 844 751 844 750 844 742 845 669 845 674 845 742 846 674 846 686 846 656 847 516 847 639 847 669 848 794 848 586 848 518 849 648 849 647 849 670 850 586 850 671 850 671 851 586 851 655 851 686 852 506 852 742 852 742 853 506 853 740 853 740 854 505 854 798 854 615 855 587 855 797 855 615 856 797 856 664 856 664 857 797 857 735 857 740 858 474 858 505 858 148 859 150 859 149 859 669 860 799 860 608 860 608 861 799 861 800 861 506 862 474 862 740 862 506 863 478 863 474 863 795 864 608 864 607 864 590 865 613 865 786 865 895 866 654 866 894 866 84 867 117 867 118 867 619 868 635 868 634 868 520 869 573 869 592 869 521 870 592 870 591 870 658 871 591 871 574 871 368 872 428 872 455 872 888 873 633 873 866 873 88 874 57 874 89 874 303 875 224 875 550 875 175 876 170 876 169 876 599 877 800 877 604 877 663 878 614 878 615 878 734 879 559 879 558 879 753 880 552 880 551 880 733 881 557 881 732 881 229 882 302 882 226 882 652 883 641 883 653 883 656 884 572 884 594 884 517 885 594 885 593 885 657 886 593 886 571 886 660 887 666 887 661 887 734 888 558 888 733 888 695 889 804 889 485 889 765 890 534 890 536 890 953 891 956 891 952 891 549 892 766 892 531 892 161 893 159 893 127 893 760 894 719 894 720 894 793 895 609 895 607 895 214 896 222 896 217 896 254 897 345 897 245 897 726 898 528 898 529 898 726 899 529 899 730 899 528 900 726 900 731 900 529 901 524 901 558 901 558 902 524 902 525 902 528 903 731 903 530 903 558 904 559 904 529 904 529 905 559 905 552 905 529 906 552 906 730 906 730 907 552 907 553 907 480 908 501 908 698 908 535 909 561 909 562 909 535 910 531 910 561 910 533 911 536 911 534 911 562 912 555 912 535 912 535 913 555 913 534 913 697 914 844 914 672 914 270 915 268 915 267 915 260 916 468 916 259 916 770 917 544 917 565 917 565 918 544 918 259 918 795 919 606 919 794 919 12 920 547 920 13 920 497 921 513 921 498 921 567 922 264 922 547 922 547 923 767 923 567 923 264 924 474 924 332 924 538 925 774 925 773 925 259 926 510 926 565 926 564 927 699 927 511 927 339 928 235 928 215 928 573 929 787 929 792 929 322 930 308 930 826 930 116 931 56 931 47 931 802 932 24 932 803 932 567 933 20 933 785 933 785 934 20 934 22 934 496 935 785 935 22 935 496 936 802 936 668 936 803 937 24 937 768 937 24 938 19 938 768 938 767 939 20 939 567 939 496 940 690 940 785 940 867 941 866 941 635 941 627 942 629 942 628 942 870 943 871 943 869 943 604 944 799 944 601 944 879 945 913 945 912 945 603 946 790 946 598 946 804 947 665 947 660 947 804 948 660 948 942 948 770 949 45 949 41 949 770 950 41 950 769 950 566 951 43 951 44 951 43 952 805 952 806 952 485 953 804 953 805 953 485 954 805 954 43 954 782 955 556 955 781 955 566 956 44 956 565 956 44 957 45 957 565 957 565 958 45 958 770 958 485 959 566 959 694 959 485 960 43 960 566 960 78 961 831 961 808 961 732 962 754 962 713 962 91 963 111 963 110 963 40 964 480 964 46 964 281 965 259 965 72 965 72 966 259 966 90 966 90 967 259 967 265 967 945 968 869 968 871 968 98 969 62 969 90 969 90 970 62 970 74 970 90 971 74 971 72 971 518 972 645 972 646 972 529 973 104 973 263 973 263 974 104 974 69 974 263 975 69 975 68 975 263 976 68 976 264 976 87 977 86 977 57 977 57 978 86 978 67 978 67 979 86 979 78 979 67 980 78 980 68 980 68 981 78 981 264 981 809 982 35 982 34 982 265 983 100 983 90 983 529 984 528 984 281 984 261 985 38 985 810 985 809 986 810 986 35 986 244 987 349 987 371 987 281 988 72 988 104 988 281 989 104 989 529 989 264 990 78 990 808 990 264 991 808 991 262 991 15 992 264 992 262 992 15 993 812 993 811 993 259 994 36 994 38 994 259 995 38 995 261 995 259 996 261 996 265 996 862 997 880 997 878 997 15 998 14 998 264 998 264 999 14 999 547 999 547 1000 14 1000 13 1000 334 1001 258 1001 333 1001 889 1002 907 1002 942 1002 16 1003 807 1003 546 1003 15 1004 262 1004 812 1004 543 1005 809 1005 34 1005 397 1006 395 1006 394 1006 544 1007 37 1007 36 1007 544 1008 36 1008 259 1008 125 1009 128 1009 127 1009 123 1010 146 1010 125 1010 47 1011 56 1011 55 1011 458 1012 170 1012 163 1012 164 1013 393 1013 184 1013 230 1014 239 1014 375 1014 410 1015 824 1015 407 1015 669 1016 673 1016 674 1016 423 1017 407 1017 390 1017 390 1018 422 1018 423 1018 634 1019 631 1019 632 1019 426 1020 370 1020 369 1020 730 1021 553 1021 731 1021 399 1022 535 1022 391 1022 330 1023 290 1023 293 1023 814 1024 415 1024 394 1024 814 1025 394 1025 396 1025 173 1026 814 1026 182 1026 392 1027 393 1027 183 1027 392 1028 183 1028 396 1028 81 1029 269 1029 79 1029 415 1030 400 1030 397 1030 415 1031 397 1031 394 1031 12 1032 546 1032 545 1032 226 1033 528 1033 222 1033 428 1034 549 1034 535 1034 357 1035 464 1035 356 1035 364 1036 372 1036 371 1036 908 1037 839 1037 907 1037 849 1038 851 1038 852 1038 377 1039 380 1039 460 1039 385 1040 230 1040 377 1040 233 1041 230 1041 375 1041 233 1042 375 1042 231 1042 231 1043 375 1043 377 1043 231 1044 377 1044 230 1044 647 1045 645 1045 518 1045 80 1046 79 1046 78 1046 459 1047 385 1047 377 1047 377 1048 363 1048 459 1048 534 1049 390 1049 386 1049 295 1050 287 1050 286 1050 407 1051 824 1051 402 1051 406 1052 407 1052 402 1052 274 1053 278 1053 279 1053 402 1054 824 1054 404 1054 403 1055 404 1055 170 1055 170 1056 458 1056 403 1056 666 1057 660 1057 665 1057 824 1058 168 1058 169 1058 227 1059 303 1059 329 1059 693 1060 785 1060 690 1060 358 1061 363 1061 377 1061 98 1062 73 1062 99 1062 355 1063 363 1063 358 1063 377 1064 460 1064 358 1064 337 1065 217 1065 335 1065 336 1066 214 1066 337 1066 96 1067 94 1067 90 1067 736 1068 739 1068 683 1068 809 1069 769 1069 806 1069 137 1070 141 1070 143 1070 829 1071 927 1071 937 1071 822 1072 451 1072 446 1072 296 1073 302 1073 300 1073 386 1074 454 1074 542 1074 578 1075 685 1075 757 1075 575 1076 676 1076 777 1076 817 1077 450 1077 449 1077 819 1078 444 1078 451 1078 817 1079 820 1079 821 1079 388 1080 817 1080 821 1080 815 1081 453 1081 450 1081 592 1082 616 1082 520 1082 818 1083 823 1083 816 1083 387 1084 816 1084 386 1084 386 1085 816 1085 454 1085 755 1086 516 1086 517 1086 515 1087 429 1087 389 1087 452 1088 453 1088 431 1088 340 1089 216 1089 220 1089 431 1090 342 1090 344 1090 448 1091 343 1091 341 1091 420 1092 412 1092 411 1092 432 1093 448 1093 341 1093 447 1094 448 1094 433 1094 653 1095 641 1095 516 1095 499 1096 509 1096 498 1096 402 1097 405 1097 406 1097 452 1098 431 1098 344 1098 816 1099 433 1099 454 1099 183 1100 393 1100 164 1100 824 1101 165 1101 168 1101 824 1102 167 1102 165 1102 167 1103 415 1103 814 1103 167 1104 814 1104 173 1104 651 1105 519 1105 518 1105 411 1106 414 1106 824 1106 824 1107 410 1107 411 1107 859 1108 849 1108 852 1108 380 1109 352 1109 460 1109 827 1110 320 1110 325 1110 667 1111 496 1111 668 1111 661 1112 631 1112 660 1112 263 1113 264 1113 332 1113 811 1114 812 1114 828 1114 319 1115 829 1115 321 1115 827 1116 324 1116 320 1116 306 1117 328 1117 327 1117 326 1118 828 1118 812 1118 597 1119 791 1119 603 1119 9 1120 0 1120 4 1120 261 1121 826 1121 260 1121 198 1122 323 1122 199 1122 197 1123 198 1123 200 1123 905 1124 885 1124 925 1124 307 1125 323 1125 198 1125 322 1126 323 1126 308 1126 874 1127 913 1127 877 1127 114 1128 112 1128 115 1128 263 1129 332 1129 830 1129 830 1130 332 1130 305 1130 262 1131 263 1131 830 1131 306 1132 197 1132 328 1132 328 1133 197 1133 200 1133 308 1134 323 1134 307 1134 447 1135 433 1135 816 1135 826 1136 308 1136 260 1136 200 1137 323 1137 328 1137 262 1138 808 1138 266 1138 266 1139 808 1139 79 1139 266 1140 79 1140 269 1140 832 1141 290 1141 267 1141 269 1142 832 1142 267 1142 290 1143 270 1143 267 1143 602 1144 797 1144 605 1144 400 1145 398 1145 397 1145 273 1146 270 1146 290 1146 272 1147 529 1147 263 1147 303 1148 550 1148 529 1148 364 1149 549 1149 365 1149 223 1150 235 1150 234 1150 372 1151 246 1151 349 1151 251 1152 254 1152 335 1152 335 1153 254 1153 246 1153 243 1154 251 1154 244 1154 591 1155 518 1155 519 1155 575 1156 681 1156 677 1156 333 1157 258 1157 251 1157 806 1158 934 1158 927 1158 643 1159 882 1159 883 1159 464 1160 372 1160 356 1160 274 1161 282 1161 833 1161 279 1162 282 1162 274 1162 887 1163 886 1163 888 1163 274 1164 833 1164 277 1164 276 1165 274 1165 277 1165 276 1166 277 1166 96 1166 96 1167 265 1167 276 1167 48 1168 67 1168 68 1168 95 1169 833 1169 93 1169 285 1170 833 1170 282 1170 298 1171 285 1171 282 1171 147 1172 174 1172 150 1172 301 1173 229 1173 228 1173 228 1174 329 1174 301 1174 621 1175 876 1175 874 1175 331 1176 272 1176 273 1176 853 1177 862 1177 854 1177 81 1178 82 1178 832 1178 12 1179 11 1179 10 1179 864 1180 845 1180 865 1180 370 1181 427 1181 367 1181 142 1182 169 1182 168 1182 144 1183 139 1183 125 1183 39 1184 774 1184 42 1184 645 1185 865 1185 845 1185 45 1186 46 1186 39 1186 165 1187 178 1187 179 1187 411 1188 413 1188 414 1188 251 1189 335 1189 217 1189 59 1190 101 1190 63 1190 826 1191 319 1191 322 1191 338 1192 218 1192 336 1192 465 1193 357 1193 361 1193 833 1194 83 1194 93 1194 83 1195 290 1195 832 1195 83 1196 832 1196 82 1196 286 1197 289 1197 833 1197 935 1198 834 1198 902 1198 833 1199 285 1199 286 1199 265 1200 96 1200 76 1200 79 1201 808 1201 77 1201 752 1202 551 1202 553 1202 428 1203 413 1203 455 1203 926 1204 813 1204 825 1204 618 1205 849 1205 850 1205 177 1206 188 1206 142 1206 380 1207 201 1207 236 1207 486 1208 695 1208 485 1208 345 1209 371 1209 349 1209 578 1210 757 1210 519 1210 660 1211 890 1211 942 1211 628 1212 860 1212 861 1212 462 1213 358 1213 460 1213 300 1214 298 1214 296 1214 640 1215 639 1215 642 1215 865 1216 863 1216 864 1216 608 1217 797 1217 587 1217 534 1218 427 1218 421 1218 601 1219 798 1219 602 1219 81 1220 66 1220 82 1220 595 1221 788 1221 597 1221 505 1222 496 1222 691 1222 625 1223 618 1223 617 1223 71 1224 104 1224 105 1224 54 1225 51 1225 52 1225 243 1226 252 1226 208 1226 620 1227 614 1227 623 1227 425 1228 423 1228 421 1228 145 1229 146 1229 123 1229 917 1230 928 1230 929 1230 654 1231 893 1231 673 1231 650 1232 643 1232 883 1232 821 1233 30 1233 388 1233 662 1234 668 1234 916 1234 919 1235 921 1235 920 1235 954 1236 957 1236 953 1236 921 1237 919 1237 918 1237 918 1238 919 1238 922 1238 928 1239 919 1239 920 1239 564 1240 39 1240 784 1240 897 1241 896 1241 898 1241 928 1242 917 1242 923 1242 924 1243 813 1243 918 1243 508 1244 542 1244 478 1244 739 1245 740 1245 669 1245 750 1246 748 1246 666 1246 926 1247 932 1247 918 1247 304 1248 332 1248 474 1248 134 1249 132 1249 186 1249 179 1250 193 1250 192 1250 803 1251 931 1251 935 1251 935 1252 931 1252 926 1252 132 1253 157 1253 186 1253 909 1254 933 1254 806 1254 935 1255 904 1255 803 1255 939 1256 938 1256 927 1256 927 1257 938 1257 937 1257 930 1258 937 1258 938 1258 737 1259 691 1259 735 1259 880 1260 861 1260 874 1260 881 1261 863 1261 882 1261 457 1262 399 1262 400 1262 903 1263 912 1263 913 1263 41 1264 39 1264 42 1264 885 1265 884 1265 925 1265 420 1266 410 1266 425 1266 915 1267 834 1267 835 1267 434 1268 454 1268 433 1268 783 1269 554 1269 782 1269 500 1270 485 1270 694 1270 648 1271 650 1271 649 1271 844 1272 929 1272 909 1272 841 1273 844 1273 909 1273 328 1274 322 1274 320 1274 839 1275 840 1275 804 1275 777 1276 707 1276 749 1276 843 1277 835 1277 836 1277 834 1278 836 1278 835 1278 902 1279 915 1279 910 1279 727 1280 750 1280 758 1280 430 1281 437 1281 431 1281 772 1282 568 1282 21 1282 662 1283 896 1283 614 1283 857 1284 873 1284 637 1284 390 1285 534 1285 422 1285 911 1286 893 1286 892 1286 822 1287 918 1287 922 1287 279 1288 281 1288 282 1288 780 1289 757 1289 778 1289 943 1290 944 1290 945 1290 572 1291 794 1291 796 1291 149 1292 145 1292 148 1292 814 1293 183 1293 182 1293 769 1294 43 1294 806 1294 654 1295 638 1295 894 1295 686 1296 492 1296 506 1296 331 1297 273 1297 299 1297 451 1298 922 1298 919 1298 216 1299 339 1299 215 1299 468 1300 308 1300 309 1300 142 1301 158 1301 175 1301 247 1302 429 1302 374 1302 21 1303 19 1303 18 1303 874 1304 861 1304 875 1304 628 1305 622 1305 860 1305 684 1306 584 1306 683 1306 343 1307 452 1307 344 1307 640 1308 857 1308 637 1308 382 1309 383 1309 381 1309 797 1310 505 1310 735 1310 241 1311 304 1311 240 1311 627 1312 859 1312 624 1312 624 1313 859 1313 852 1313 624 1314 852 1314 851 1314 692 1315 567 1315 785 1315 3 1316 6 1316 0 1316 848 1317 847 1317 652 1317 652 1318 847 1318 801 1318 711 1319 709 1319 710 1319 66 1320 86 1320 89 1320 627 1321 628 1321 861 1321 627 1322 861 1322 862 1322 901 1323 904 1323 935 1323 622 1324 621 1324 874 1324 903 1325 874 1325 897 1325 910 1326 891 1326 878 1326 910 1327 903 1327 935 1327 903 1328 901 1328 935 1328 910 1329 935 1329 902 1329 654 1330 671 1330 655 1330 943 1331 871 1331 863 1331 511 1332 389 1332 537 1332 905 1333 909 1333 943 1333 618 1334 624 1334 851 1334 618 1335 851 1335 849 1335 858 1336 627 1336 862 1336 909 1337 908 1337 906 1337 906 1338 908 1338 907 1338 887 1339 866 1339 906 1339 906 1340 866 1340 869 1340 858 1341 853 1341 849 1341 943 1342 909 1342 906 1342 865 1343 649 1343 863 1343 943 1344 863 1344 881 1344 645 1345 846 1345 848 1345 645 1346 848 1346 652 1346 862 1347 801 1347 855 1347 640 1348 801 1348 856 1348 856 1349 801 1349 862 1349 872 1350 878 1350 891 1350 636 1351 637 1351 872 1351 821 1352 820 1352 923 1352 917 1353 821 1353 923 1353 919 1354 819 1354 451 1354 290 1355 291 1355 292 1355 928 1356 819 1356 919 1356 924 1357 822 1357 823 1357 458 1358 163 1358 185 1358 325 1359 937 1359 827 1359 700 1360 784 1360 698 1360 325 1361 829 1361 937 1361 827 1362 937 1362 930 1362 827 1363 930 1363 828 1363 828 1364 930 1364 807 1364 809 1365 936 1365 810 1365 828 1366 807 1366 811 1366 736 1367 735 1367 505 1367 936 1368 809 1368 927 1368 579 1369 775 1369 678 1369 65 1370 74 1370 75 1370 668 1371 901 1371 916 1371 805 1372 804 1372 840 1372 806 1373 908 1373 909 1373 908 1374 806 1374 805 1374 908 1375 805 1375 840 1375 129 1376 161 1376 127 1376 44 1377 40 1377 46 1377 802 1378 803 1378 904 1378 838 1379 802 1379 904 1379 784 1380 39 1380 46 1380 925 1381 659 1381 842 1381 842 1382 659 1382 672 1382 842 1383 672 1383 844 1383 46 1384 480 1384 784 1384 541 1385 8 1385 4 1385 844 1386 40 1386 929 1386 929 1387 40 1387 42 1387 774 1388 929 1388 42 1388 828 1389 324 1389 827 1389 480 1390 698 1390 784 1390 528 1391 280 1391 281 1391 835 1392 674 1392 673 1392 835 1393 673 1393 915 1393 491 1394 835 1394 843 1394 519 1395 675 1395 576 1395 491 1396 568 1396 687 1396 772 1397 18 1397 771 1397 21 1398 568 1398 17 1398 17 1399 568 1399 491 1399 771 1400 18 1400 825 1400 825 1401 18 1401 23 1401 825 1402 23 1402 843 1402 4 1403 5 1403 542 1403 180 1404 537 1404 389 1404 386 1405 542 1405 176 1405 176 1406 542 1406 171 1406 122 1407 176 1407 136 1407 197 1408 307 1408 198 1408 463 1409 359 1409 461 1409 542 1410 387 1410 458 1410 542 1411 458 1411 172 1411 172 1412 458 1412 185 1412 171 1413 141 1413 176 1413 639 1414 516 1414 642 1414 456 1415 415 1415 418 1415 158 1416 134 1416 171 1416 171 1417 134 1417 141 1417 535 1418 190 1418 391 1418 391 1419 190 1419 138 1419 391 1420 138 1420 144 1420 391 1421 144 1421 389 1421 389 1422 144 1422 180 1422 144 1423 151 1423 180 1423 129 1424 159 1424 151 1424 151 1425 159 1425 180 1425 180 1426 184 1426 393 1426 387 1427 542 1427 5 1427 7 1428 813 1428 818 1428 535 1429 534 1429 386 1429 947 1430 950 1430 946 1430 542 1431 541 1431 4 1431 546 1432 803 1432 768 1432 386 1433 176 1433 190 1433 386 1434 190 1434 535 1434 180 1435 393 1435 537 1435 537 1436 393 1436 388 1436 5 1437 818 1437 387 1437 33 1438 821 1438 917 1438 33 1439 917 1439 29 1439 29 1440 917 1440 539 1440 537 1441 388 1441 30 1441 537 1442 30 1442 538 1442 538 1443 30 1443 32 1443 538 1444 32 1444 539 1444 847 1445 855 1445 801 1445 947 1446 946 1446 948 1446 853 1447 866 1447 849 1447 717 1448 718 1448 761 1448 953 1449 952 1449 954 1449 868 1450 850 1450 849 1450 353 1451 234 1451 213 1451 668 1452 837 1452 901 1452 481 1453 697 1453 507 1453 947 1454 949 1454 951 1454 920 1455 940 1455 941 1455 687 1456 688 1456 503 1456 808 1457 831 1457 77 1457 586 1458 794 1458 585 1458 465 1459 463 1459 442 1459 321 1460 829 1460 325 1460 796 1461 794 1461 606 1461 507 1462 483 1462 481 1462 211 1463 334 1463 255 1463 726 1464 729 1464 728 1464 60 1465 99 1465 62 1465 942 1466 907 1466 839 1466 819 1467 928 1467 923 1467 529 1468 550 1468 524 1468 20 1469 767 1469 768 1469 188 1470 189 1470 187 1470 634 1471 635 1471 633 1471 62 1472 61 1472 59 1472 71 1473 50 1473 49 1473 725 1474 532 1474 702 1474 122 1475 121 1475 119 1475 487 1476 486 1476 500 1476 941 1477 928 1477 920 1477 779 1478 562 1478 778 1478 711 1479 712 1479 713 1479 368 1480 357 1480 366 1480 102 1481 59 1481 61 1481 878 1482 856 1482 862 1482 637 1483 636 1483 639 1483 283 1484 297 1484 296 1484 172 1485 171 1485 542 1485 528 1486 333 1486 222 1486 556 1487 554 1487 532 1487 741 1488 742 1488 740 1488 704 1489 531 1489 766 1489 434 1490 433 1490 435 1490 400 1491 456 1491 424 1491 408 1492 422 1492 421 1492 421 1493 423 1493 408 1493 240 1494 376 1494 241 1494 433 1495 436 1495 435 1495 432 1496 431 1496 437 1496 870 1497 869 1497 853 1497 857 1498 640 1498 856 1498 891 1499 895 1499 872 1499 369 1500 455 1500 426 1500 374 1501 248 1501 247 1501 580 1502 579 1502 678 1502 294 1503 300 1503 285 1503 859 1504 627 1504 858 1504 303 1505 292 1505 288 1505 309 1506 308 1506 310 1506 956 1507 957 1507 955 1507 305 1508 313 1508 312 1508 719 1509 721 1509 720 1509 340 1510 338 1510 317 1510 414 1511 167 1511 824 1511 4 1512 6 1512 5 1512 724 1513 702 1513 701 1513 941 1514 938 1514 939 1514 364 1515 569 1515 706 1515 478 1516 376 1516 548 1516 606 1517 572 1517 796 1517 616 1518 617 1518 618 1518 161 1519 162 1519 160 1519 21 1520 18 1520 772 1520 953 1521 957 1521 956 1521 613 1522 658 1522 574 1522 664 1523 667 1523 662 1523 670 1524 671 1524 673 1524 925 1525 842 1525 841 1525 505 1526 513 1526 497 1526 526 1527 552 1527 559 1527 705 1528 704 1528 706 1528 258 1529 244 1529 371 1529 355 1530 370 1530 367 1530 707 1531 569 1531 708 1531 708 1532 709 1532 758 1532 307 1533 306 1533 312 1533 887 1534 906 1534 889 1534 504 1535 487 1535 468 1535 743 1536 739 1536 669 1536 229 1537 301 1537 302 1537 765 1538 459 1538 534 1538 539 1539 32 1539 29 1539 762 1540 333 1540 528 1540 595 1541 789 1541 788 1541 574 1542 592 1542 573 1542 842 1543 844 1543 841 1543 10 1544 16 1544 12 1544 751 1545 749 1545 748 1545 930 1546 931 1546 803 1546 387 1547 818 1547 816 1547 790 1548 791 1548 787 1548 571 1549 594 1549 572 1549 289 1550 83 1550 833 1550 338 1551 220 1551 221 1551 557 1552 558 1552 525 1552 915 1553 673 1553 893 1553 549 1554 706 1554 766 1554 735 1555 667 1555 664 1555 837 1556 838 1556 904 1556 98 1557 97 1557 60 1557 342 1558 431 1558 432 1558 872 1559 873 1559 856 1559 506 1560 512 1560 478 1560 369 1561 361 1561 368 1561 369 1562 359 1562 360 1562 134 1563 133 1563 131 1563 843 1564 836 1564 935 1564 8 1565 9 1565 4 1565 609 1566 657 1566 571 1566 649 1567 650 1567 863 1567 950 1568 951 1568 949 1568 608 1569 793 1569 607 1569 356 1570 366 1570 357 1570 539 1571 929 1571 774 1571 304 1572 548 1572 240 1572 63 1573 65 1573 64 1573 734 1574 732 1574 559 1574 733 1575 558 1575 557 1575 732 1576 557 1576 559 1576 589 1577 787 1577 588 1577 763 1578 525 1578 716 1578 419 1579 425 1579 410 1579 716 1580 524 1580 764 1580 702 1581 563 1581 704 1581 715 1582 527 1582 526 1582 932 1583 926 1583 931 1583 223 1584 570 1584 719 1584 759 1585 722 1585 723 1585 550 1586 719 1586 764 1586 889 1587 942 1587 890 1587 710 1588 530 1588 527 1588 621 1589 622 1589 620 1589 40 1590 844 1590 480 1590 244 1591 251 1591 349 1591 12 1592 16 1592 546 1592 214 1593 229 1593 226 1593 296 1594 298 1594 283 1594 878 1595 880 1595 874 1595 228 1596 218 1596 219 1596 228 1597 220 1597 227 1597 227 1598 216 1598 225 1598 215 1599 225 1599 216 1599 230 1600 233 1600 213 1600 235 1601 224 1601 215 1601 468 1602 248 1602 249 1602 872 1603 638 1603 636 1603 829 1604 936 1604 927 1604 249 1605 429 1605 515 1605 819 1606 449 1606 444 1606 56 1607 117 1607 58 1607 830 1608 327 1608 326 1608 626 1609 522 1609 629 1609 568 1610 508 1610 689 1610 921 1611 932 1611 940 1611 931 1612 930 1612 932 1612 8 1613 540 1613 813 1613 453 1614 430 1614 431 1614 429 1615 466 1615 389 1615 453 1616 448 1616 444 1616 933 1617 909 1617 929 1617 551 1618 526 1618 527 1618 370 1619 426 1619 427 1619 532 1620 555 1620 562 1620 5 1621 7 1621 818 1621 463 1622 361 1622 362 1622 361 1623 463 1623 465 1623 428 1624 417 1624 413 1624 926 1625 918 1625 813 1625 725 1626 536 1626 533 1626 943 1627 945 1627 871 1627 220 1628 338 1628 340 1628 534 1629 459 1629 363 1629 572 1630 586 1630 585 1630 930 1631 940 1631 932 1631 54 1632 53 1632 51 1632 682 1633 582 1633 581 1633 750 1634 751 1634 748 1634 132 1635 158 1635 157 1635 737 1636 738 1636 691 1636 545 1637 546 1637 768 1637 714 1638 716 1638 717 1638 535 1639 549 1639 531 1639 430 1640 438 1640 437 1640 639 1641 636 1641 638 1641 372 1642 365 1642 356 1642 273 1643 330 1643 299 1643 944 1644 906 1644 869 1644 308 1645 311 1645 310 1645 511 1646 470 1646 389 1646 703 1647 702 1647 704 1647 747 1648 697 1648 746 1648 33 1649 29 1649 26 1649 828 1650 326 1650 324 1650 546 1651 807 1651 803 1651 573 1652 589 1652 588 1652 637 1653 873 1653 872 1653 899 1654 623 1654 900 1654 780 1655 561 1655 560 1655 385 1656 459 1656 205 1656 510 1657 469 1657 489 1657 367 1658 427 1658 534 1658 428 1659 366 1659 365 1659 3 1660 0 1660 1 1660 194 1661 195 1661 196 1661 461 1662 359 1662 355 1662 423 1663 419 1663 410 1663 38 1664 36 1664 34 1664 484 1665 471 1665 511 1665 788 1666 507 1666 746 1666 273 1667 272 1667 271 1667 23 1668 24 1668 22 1668 54 1669 104 1669 72 1669 726 1670 728 1670 727 1670 509 1671 474 1671 264 1671 911 1672 910 1672 915 1672 17 1673 22 1673 20 1673 890 1674 631 1674 887 1674 657 1675 522 1675 523 1675 52 1676 63 1676 107 1676 183 1677 180 1677 181 1677 789 1678 595 1678 598 1678 586 1679 656 1679 639 1679 786 1680 613 1680 612 1680 138 1681 190 1681 191 1681 47 1682 49 1682 112 1682 246 1683 464 1683 443 1683 877 1684 879 1684 878 1684 854 1685 862 1685 855 1685 577 1686 680 1686 684 1686 28 1687 27 1687 25 1687 504 1688 468 1688 515 1688 754 1689 752 1689 553 1689 147 1690 196 1690 195 1690 659 1691 925 1691 884 1691 341 1692 343 1692 344 1692 810 1693 829 1693 826 1693 824 1694 169 1694 170 1694 471 1695 484 1695 483 1695 901 1696 903 1696 914 1696 618 1697 850 1697 867 1697 503 1698 492 1698 491 1698 939 1699 927 1699 934 1699 812 1700 262 1700 830 1700 641 1701 801 1701 640 1701 508 1702 494 1702 495 1702 822 1703 446 1703 445 1703 620 1704 657 1704 587 1704 286 1705 287 1705 288 1705 33 1706 25 1706 30 1706 297 1707 298 1707 282 1707 912 1708 910 1708 878 1708 466 1709 429 1709 430 1709 876 1710 899 1710 897 1710 950 1711 949 1711 948 1711 110 1712 111 1712 108 1712 268 1713 266 1713 269 1713 638 1714 872 1714 895 1714 799 1715 669 1715 740 1715 16 1716 15 1716 811 1716 501 1717 481 1717 482 1717 416 1718 414 1718 413 1718 738 1719 736 1719 505 1719 152 1720 153 1720 155 1720 620 1721 630 1721 522 1721 816 1722 823 1722 445 1722 388 1723 466 1723 815 1723 934 1724 933 1724 929 1724 117 1725 56 1725 116 1725 23 1726 17 1726 491 1726 231 1727 232 1727 206 1727 375 1728 201 1728 378 1728 723 1729 725 1729 724 1729 881 1730 643 1730 884 1730 43 1731 41 1731 42 1731 51 1732 109 1732 108 1732 775 1733 583 1733 582 1733 783 1734 701 1734 778 1734 952 1735 956 1735 955 1735 403 1736 401 1736 402 1736 395 1737 392 1737 396 1737 676 1738 677 1738 576 1738 694 1739 566 1739 696 1739 896 1740 916 1740 914 1740 230 1741 234 1741 235 1741 610 1742 573 1742 792 1742 126 1743 130 1743 151 1743 643 1744 644 1744 672 1744 620 1745 622 1745 628 1745 173 1746 156 1746 154 1746 626 1747 629 1747 627 1747 494 1748 479 1748 512 1748 92 1749 103 1749 102 1749 154 1750 156 1750 155 1750 115 1751 85 1751 84 1751 778 1752 562 1752 561 1752 73 1753 94 1753 95 1753 24 1754 23 1754 18 1754 120 1755 135 1755 192 1755 565 1756 510 1756 696 1756 475 1757 499 1757 513 1757 469 1758 467 1758 487 1758 527 1759 530 1759 731 1759 820 1760 817 1760 449 1760 935 1761 926 1761 825 1761 643 1762 650 1762 648 1762 645 1763 647 1763 648 1763 686 1764 674 1764 835 1764 206 1765 201 1765 239 1765 251 1766 258 1766 371 1766 756 1767 625 1767 616 1767 22 1768 24 1768 802 1768 291 1769 289 1769 288 1769 68 1770 69 1770 70 1770 222 1771 333 1771 251 1771 781 1772 556 1772 555 1772 106 1773 107 1773 92 1773 882 1774 863 1774 650 1774 594 1775 517 1775 516 1775 899 1776 900 1776 614 1776 727 1777 729 1777 730 1777 756 1778 523 1778 522 1778 211 1779 364 1779 371 1779 645 1780 652 1780 651 1780 911 1781 892 1781 891 1781 771 1782 825 1782 813 1782 406 1783 405 1783 390 1783 182 1784 181 1784 156 1784 8 1785 813 1785 7 1785 28 1786 32 1786 31 1786 797 1787 800 1787 599 1787 721 1788 570 1788 722 1788 654 1789 891 1789 892 1789 875 1790 861 1790 860 1790 871 1791 854 1791 846 1791 177 1792 142 1792 168 1792 581 1793 677 1793 681 1793 131 1794 188 1794 187 1794 924 1795 823 1795 818 1795 493 1796 492 1796 503 1796 502 1797 497 1797 498 1797 156 1798 181 1798 159 1798 611 1799 612 1799 610 1799 502 1800 690 1800 496 1800 870 1801 853 1801 854 1801 584 1802 680 1802 679 1802 679 1803 680 1803 580 1803 837 1804 668 1804 802 1804 96 1805 277 1805 833 1805 305 1806 306 1806 327 1806 639 1807 638 1807 654 1807 897 1808 898 1808 914 1808 682 1809 777 1809 751 1809 148 1810 147 1810 150 1810 895 1811 891 1811 654 1811 84 1812 66 1812 117 1812 619 1813 618 1813 635 1813 368 1814 366 1814 428 1814 888 1815 886 1815 633 1815 88 1816 55 1816 57 1816 303 1817 225 1817 224 1817 175 1818 171 1818 170 1818 663 1819 662 1819 614 1819 753 1820 754 1820 552 1820 652 1821 801 1821 641 1821 695 1822 665 1822 804 1822 161 1823 160 1823 159 1823 760 1824 718 1824 719 1824 793 1825 587 1825 609 1825 214 1826 226 1826 222 1826 254 1827 251 1827 345 1827 480 1828 481 1828 501 1828 697 1829 480 1829 844 1829 270 1830 271 1830 268 1830 795 1831 607 1831 606 1831 12 1832 545 1832 547 1832 538 1833 539 1833 774 1833 259 1834 468 1834 510 1834 564 1835 784 1835 699 1835 339 1836 352 1836 235 1836 573 1837 588 1837 787 1837 867 1838 868 1838 866 1838 604 1839 800 1839 799 1839 879 1840 877 1840 913 1840 603 1841 791 1841 790 1841 782 1842 554 1842 556 1842 732 1843 775 1843 754 1843 91 1844 85 1844 111 1844 945 1845 944 1845 869 1845 862 1846 861 1846 880 1846 334 1847 242 1847 258 1847 889 1848 906 1848 907 1848 397 1849 398 1849 395 1849 634 1850 633 1850 631 1850 330 1851 273 1851 290 1851 81 1852 832 1852 269 1852 226 1853 302 1853 528 1853 357 1854 465 1854 464 1854 908 1855 840 1855 839 1855 80 1856 81 1856 79 1856 295 1857 300 1857 287 1857 274 1858 275 1858 278 1858 227 1859 225 1859 303 1859 693 1860 692 1860 785 1860 98 1861 94 1861 73 1861 355 1862 367 1862 363 1862 337 1863 214 1863 217 1863 336 1864 218 1864 214 1864 96 1865 95 1865 94 1865 736 1866 721 1866 739 1866 809 1867 543 1867 769 1867 137 1868 176 1868 141 1868 578 1869 577 1869 685 1869 575 1870 677 1870 676 1870 592 1871 521 1871 616 1871 755 1872 653 1872 516 1872 420 1873 425 1873 412 1873 499 1874 475 1874 509 1874 402 1875 401 1875 405 1875 651 1876 755 1876 519 1876 859 1877 858 1877 849 1877 380 1878 379 1878 352 1878 667 1879 691 1879 496 1879 661 1880 632 1880 631 1880 597 1881 788 1881 791 1881 9 1882 1 1882 0 1882 905 1883 943 1883 885 1883 874 1884 903 1884 913 1884 114 1885 113 1885 112 1885 200 1886 199 1886 323 1886 602 1887 798 1887 797 1887 400 1888 399 1888 398 1888 591 1889 658 1889 518 1889 575 1890 777 1890 681 1890 806 1891 933 1891 934 1891 643 1892 881 1892 882 1892 464 1893 246 1893 372 1893 887 1894 631 1894 886 1894 276 1895 275 1895 274 1895 48 1896 58 1896 67 1896 298 1897 294 1897 285 1897 147 1898 166 1898 174 1898 228 1899 227 1899 329 1899 621 1900 623 1900 876 1900 331 1901 529 1901 272 1901 853 1902 858 1902 862 1902 12 1903 14 1903 11 1903 864 1904 846 1904 845 1904 142 1905 175 1905 169 1905 144 1906 138 1906 139 1906 39 1907 773 1907 774 1907 45 1908 44 1908 46 1908 165 1909 166 1909 178 1909 411 1910 412 1910 413 1910 59 1911 102 1911 101 1911 826 1912 829 1912 319 1912 338 1913 221 1913 218 1913 935 1914 836 1914 834 1914 752 1915 753 1915 551 1915 177 1916 189 1916 188 1916 380 1917 377 1917 201 1917 486 1918 504 1918 695 1918 345 1919 242 1919 371 1919 660 1920 631 1920 890 1920 462 1921 355 1921 358 1921 300 1922 294 1922 298 1922 640 1923 637 1923 639 1923 608 1924 800 1924 797 1924 601 1925 799 1925 798 1925 81 1926 80 1926 66 1926 505 1927 497 1927 496 1927 625 1928 624 1928 618 1928 71 1929 69 1929 104 1929 243 1930 345 1930 252 1930 620 1931 615 1931 614 1931 425 1932 419 1932 423 1932 954 1933 955 1933 957 1933 564 1934 773 1934 39 1934 897 1935 614 1935 896 1935 508 1936 568 1936 542 1936 304 1937 305 1937 332 1937 179 1938 178 1938 193 1938 457 1939 535 1939 399 1939 903 1940 910 1940 912 1940 41 1941 45 1941 39 1941 915 1942 902 1942 834 1942 434 1943 478 1943 454 1943 783 1944 555 1944 554 1944 500 1945 486 1945 485 1945 328 1946 323 1946 322 1946 777 1947 745 1947 707 1947 727 1948 776 1948 750 1948 662 1949 916 1949 896 1949 857 1950 856 1950 873 1950 822 1951 924 1951 918 1951 279 1952 278 1952 281 1952 780 1953 675 1953 757 1953 943 1954 906 1954 944 1954 572 1955 585 1955 794 1955 149 1956 146 1956 145 1956 814 1957 396 1957 183 1957 769 1958 41 1958 43 1958 686 1959 491 1959 492 1959 451 1960 822 1960 922 1960 216 1961 340 1961 339 1961 468 1962 260 1962 308 1962 142 1963 186 1963 158 1963 247 1964 439 1964 429 1964 21 1965 20 1965 19 1965 684 1966 680 1966 584 1966 343 1967 448 1967 452 1967 382 1968 384 1968 383 1968 797 1969 798 1969 505 1969 241 1970 314 1970 304 1970 692 1971 509 1971 567 1971 3 1972 5 1972 6 1972 711 1973 758 1973 709 1973 66 1974 80 1974 86 1974 654 1975 673 1975 671 1975 700 1976 699 1976 784 1976 579 1977 583 1977 775 1977 65 1978 72 1978 74 1978 129 1979 162 1979 161 1979 44 1980 43 1980 40 1980 541 1981 540 1981 8 1981 528 1982 297 1982 280 1982 519 1983 757 1983 675 1983 122 1984 190 1984 176 1984 463 1985 362 1985 359 1985 456 1986 400 1986 415 1986 947 1987 951 1987 950 1987 847 1988 846 1988 855 1988 853 1989 869 1989 866 1989 717 1990 716 1990 718 1990 868 1991 867 1991 850 1991 353 1992 223 1992 234 1992 481 1993 480 1993 697 1993 947 1994 948 1994 949 1994 920 1995 921 1995 940 1995 507 1996 515 1996 483 1996 726 1997 730 1997 729 1997 725 1998 533 1998 532 1998 941 1999 934 1999 928 1999 779 2000 560 2000 562 2000 711 2001 710 2001 712 2001 368 2002 361 2002 357 2002 878 2003 872 2003 856 2003 704 2004 563 2004 531 2004 369 2005 368 2005 455 2005 719 2006 570 2006 721 2006 414 2007 415 2007 167 2007 724 2008 725 2008 702 2008 941 2009 940 2009 938 2009 364 2010 333 2010 569 2010 478 2011 434 2011 376 2011 613 2012 590 2012 658 2012 505 2013 474 2013 513 2013 705 2014 703 2014 704 2014 355 2015 359 2015 370 2015 707 2016 706 2016 569 2016 708 2017 569 2017 709 2017 504 2018 486 2018 487 2018 765 2019 570 2019 459 2019 762 2020 569 2020 333 2020 574 2021 591 2021 592 2021 571 2022 593 2022 594 2022 289 2023 290 2023 83 2023 549 2024 364 2024 706 2024 506 2025 492 2025 512 2025 369 2026 360 2026 361 2026 369 2027 370 2027 359 2027 609 2028 587 2028 657 2028 356 2029 365 2029 366 2029 539 2030 917 2030 929 2030 304 2031 474 2031 548 2031 763 2032 526 2032 525 2032 716 2033 525 2033 524 2033 702 2034 532 2034 563 2034 715 2035 710 2035 527 2035 223 2036 459 2036 570 2036 550 2037 223 2037 719 2037 710 2038 762 2038 530 2038 214 2039 218 2039 229 2039 228 2040 229 2040 218 2040 228 2041 219 2041 220 2041 227 2042 220 2042 216 2042 215 2043 224 2043 225 2043 235 2044 223 2044 224 2044 468 2045 309 2045 248 2045 249 2046 374 2046 429 2046 921 2047 918 2047 932 2047 453 2048 815 2048 430 2048 453 2049 452 2049 448 2049 725 2050 765 2050 536 2050 572 2051 656 2051 586 2051 930 2052 938 2052 940 2052 714 2053 715 2053 716 2053 372 2054 364 2054 365 2054 703 2055 701 2055 702 2055 573 2056 520 2056 589 2056 899 2057 876 2057 623 2057</p>
        </triangles>
      </mesh>
    </geometry>
  </library_geometries>
  <library_visual_scenes>
    <visual_scene id="Scene" name="Scene">
      <node id="gripper_base_link" name="gripper_base_link" type="NODE">
        <matrix sid="transform">1 0 0 0 0 1 0 0 0 0 1 0 0 0 0 1</matrix>
        <instance_geometry url="#gripper_base_link-mesh" name="gripper_base_link"/>
      </node>
      <node id="Camera" name="Camera" type="NODE">
        <matrix sid="transform">0.6859207 -0.3240135 0.6515582 7.358891 0.7276763 0.3054208 -0.6141704 -6.925791 0 0.8953956 0.4452714 4.958309 0 0 0 1</matrix>
        <instance_camera url="#Camera-camera"/>
      </node>
      <node id="Light" name="Light" type="NODE">
        <matrix sid="transform">-0.2908646 -0.7711008 0.5663932 4.076245 0.9551712 -0.1998834 0.2183912 1.005454 -0.05518906 0.6045247 0.7946723 5.903862 0 0 0 1</matrix>
        <instance_light url="#Light-light"/>
      </node>
    </visual_scene>
  </library_visual_scenes>
  <scene>
    <instance_visual_scene url="#Scene"/>
  </scene>
</COLLADA>